D,E,F
100,10,0.05883148844524111
100,11,0.715445305689857
100,12,0.1558346826544289
100,13,0.7848843102970966
100,14,0.1853451318827175
100,15,0.2511997716361286
100,16,0.2910610955486628
100,17,0.05303144069153409
100,18,0.7480472389156055
100,19,0.4111322733044327
100,20,0.821190696635245
100,21,0.8883385596640051
100,22,0.6797638038779374
100,23,0.3947244321414556
100,24,0.2563886525002904
100,25,0.7769424451671575
100,26,0.7893611841120531
100,27,0.7803661246814637
100,28,0.7915775136901786
100,29,0.9742477341430794
100,30,0.31224423822092284
101,10,0.025862247161720253
101,11,0.7772276742387975
101,12,0.4781472280298904
101,13,0.7693738074203801
101,14,0.8154758848398748
101,15,0.3342953200061308
101,16,0.2889980810285696
101,17,0.08145197304622143
101,18,0.4348435447660459
101,19,0.6331353010705428
101,20,0.12719311363843122
101,21,0.3275029375984546
101,22,0.8370432819571069
101,23,0.49940261064209446
101,24,0.9554961375326296
101,25,0.3680362250277722
101,26,0.400008125939573
101,27,0.962694643013136
101,28,0.892881616757201
101,29,0.9016599978086348
101,30,0.38779528590145307
102,10,0.6273041235985863
102,11,0.3173656397720511
102,12,0.8667857238649552
102,13,0.4757779140586603
102,14,0.22866918352841925
102,15,0.45495769953163523
102,16,0.8256311843598387
102,17,0.8213734518725659
102,18,0.2986553515530531
102,19,0.2658629011392768
102,20,0.0019412589026529536
102,21,0.10120977481227644
102,22,0.9040751331397556
102,23,0.2600084937074215
102,24,0.6533787043498888
102,25,0.35949763927948386
102,26,0.114398037805718
102,27,0.5352192354787688
102,28,0.5665614858009882
102,29,0.06078440986918243
102,30,0.9168489139787417
103,10,0.011481631656039548
103,11,0.6075645818589018
103,12,0.9199820183719221
103,13,0.9038261765712752
103,14,0.6116652411294495
103,15,0.9652568797878641
103,16,0.7550483892604409
103,17,0.5194501768098722
103,18,0.5808925188574806
103,19,0.9250393895073362
103,20,0.3435948255767649
103,21,0.35007051823126834
103,22,0.43315015532127077
103,23,0.1673540466663277
103,24,0.47622830325956866
103,25,0.459669093960796
103,26,0.20054972106693336
103,27,0.5315474082272795
103,28,0.706642635346872
103,29,0.4749261066851789
103,30,0.0904148114449187
104,10,0.8118339690398507
104,11,0.18206046260555286
104,12,0.440659679160875
104,13,0.6053944706846484
104,14,0.06262352203040755
104,15,0.5860140203558571
104,16,0.43298330761649595
104,17,0.0014844413585295424
104,18,0.4767177394534968
104,19,0.434483581625717
104,20,0.316221654139614
104,21,0.5351446233584571
104,22,0.8535508405952222
104,23,0.568581693928987
104,24,0.6813891381835503
104,25,0.3472671541352561
104,26,0.0025686649541244444
104,27,0.6789301051499931
104,28,0.7430336230309486
104,29,0.6544484180425881
104,30,0.8611244971739076
105,10,0.24452783622314922
105,11,0.5698050037459814
105,12,0.5704390636454679
105,13,0.38136595830260167
105,14,0.031139507274894673
105,15,0.619483683633327
105,16,0.8808808779783183
105,17,0.984314938668327
105,18,0.5619836675844547
105,19,0.10455427531361305
105,20,0.6348054760900588
105,21,0.692529438549179
105,22,0.7757945597871055
105,23,0.6542973874493038
105,24,0.555820183136382
105,25,0.21222202528349687
105,26,0.2477649581108604
105,27,0.30165045472680263
105,28,0.9078201559968364
105,29,0.3396990904065028
105,30,0.22008064274586525
106,10,0.18749109410690723
106,11,0.4758994543357503
106,12,0.3947561532060445
106,13,0.2086376129270191
106,14,0.5450681884224358
106,15,0.5135044032803913
106,16,0.8029858541187429
106,17,0.898048763491069
106,18,0.9490177106754486
106,19,0.8524668115250179
106,20,0.8902904486777475
106,21,0.8120504217916903
106,22,0.15878538322462887
106,23,0.07093881626508147
106,24,0.366160005710785
106,25,0.5659258998952281
106,26,0.7672051613535095
106,27,0.7932811216028322
106,28,0.7977947754528013
106,29,0.2945786749615016
106,30,0.44931997442517535
107,10,0.925563193903454
107,11,0.6493464984172034
107,12,5.0150779921764865e-05
107,13,0.463174435544248
107,14,0.3861972926122643
107,15,0.12883631722866307
107,16,0.7869565507795057
107,17,0.599417178532252
107,18,0.6554874770829041
107,19,0.7339016017289326
107,20,0.4291155480438794
107,21,0.6048352330087985
107,22,0.18681853530596226
107,23,0.5982726389869749
107,24,0.5344308168072891
107,25,0.8064886689322885
107,26,0.06858189651428581
107,27,0.5581313230923027
107,28,0.2696439772227903
107,29,0.6233422711344068
107,30,0.4094589236251135
108,10,0.9829599072989414
108,11,0.6913071669014628
108,12,0.26327746507143635
108,13,0.8797523126067354
108,14,0.2341364458708628
108,15,0.026515358788969712
108,16,0.47894852287729617
108,17,0.20537988436380483
108,18,0.9201438279361402
108,19,0.052078710026522534
108,20,0.7234355014635391
108,21,0.7898963523620225
108,22,0.8906845737915867
108,23,0.1617962133593327
108,24,0.734098029231526
108,25,0.3082555676088943
108,26,0.7542330918115031
108,27,0.5375837950465094
108,28,0.16919511289707523
108,29,0.30029684143042346
108,30,0.3540617603407783
109,10,0.30509836325269624
109,11,0.3937229357574896
109,12,0.09619971078469147
109,13,0.15582181221213687
109,14,0.6271194120339929
109,15,0.9535217810354002
109,16,0.9934629231525564
109,17,0.6870468800350428
109,18,0.5021945663922663
109,19,0.6428170386134779
109,20,0.4086398358020925
109,21,0.1901474847723683
109,22,0.5374969216040731
109,23,0.2232735162477285
109,24,0.6347493115568121
109,25,0.8724679234833378
109,26,0.6731165842017558
109,27,0.05318942171404717
109,28,0.5571037717032581
109,29,0.08674091584895982
109,30,0.6699296843176006
110,10,0.7805437233063296
110,11,0.3072101686111671
110,12,0.5538406325074661
110,13,0.47688090661817395
110,14,0.023843400095098
110,15,0.7445371890672313
110,16,0.0024924653994192747
110,17,0.21248084682271018
110,18,0.6943361063370073
110,19,0.19650430025390575
110,20,0.6592793970197653
110,21,0.6205814142845176
110,22,0.7465304106449915
110,23,0.19854996173566697
110,24,0.0696191423267033
110,25,0.42948200119321467
110,26,0.5770608446893232
110,27,0.5099296948753217
110,28,0.28735864986888116
110,29,0.3252641162341745
110,30,0.7198627822934552
111,10,0.36533237419387476
111,11,0.040713157639623354
111,12,0.45933564881684263
111,13,0.9088815520979393
111,14,0.009643750279021646
111,15,0.1977075515733273
111,16,0.49702077785973175
111,17,0.0019206779656705253
111,18,0.4635990811240547
111,19,0.3135487141657154
111,20,0.6286621501565832
111,21,0.015177405951162348
111,22,0.7109823645597193
111,23,0.2745702874320618
111,24,0.8324672159928149
111,25,0.7695580394907551
111,26,0.9328563480317241
111,27,0.423469911279293
111,28,0.5055423688630307
111,29,0.44365267819494647
111,30,0.5315628987334364
112,10,0.7160252900419717
112,11,0.4930803098458133
112,12,0.7386832213929427
112,13,0.8260711174882492
112,14,0.27879294552921463
112,15,0.021821776853891306
112,16,0.5248364822538221
112,17,0.1539291697754246
112,18,0.0496585185583297
112,19,0.8671704173760157
112,20,0.7344884327218045
112,21,0.0029050440104538833
112,22,0.7304607221384991
112,23,0.20046442469105263
112,24,0.36248466458018425
112,25,0.31878421099294274
112,26,0.019627447642879048
112,27,0.8598265813006399
112,28,0.8588290258044987
112,29,0.5226890534684041
112,30,0.4759744758067137
113,10,0.18964345358805323
113,11,0.4050441591507057
113,12,0.07341829985330572
113,13,0.6774176669232373
113,14,0.7608369244685782
113,15,0.8962084625854685
113,16,0.8139227160769916
113,17,0.20101311135991407
113,18,0.5732607756171987
113,19,0.8318262618384612
113,20,0.048846526336520424
113,21,0.9705759083968684
113,22,0.2764443606506125
113,23,0.8838189163702485
113,24,0.3175051137923077
113,25,0.14678572094766107
113,26,0.9646385473768813
113,27,0.13012589176394096
113,28,0.7785263246829107
113,29,0.06936373520250416
113,30,0.42610799474314687
114,10,0.9215628931537131
114,11,0.35673085949663674
114,12,0.738630708624827
114,13,0.6268057384317289
114,14,0.038710935685759895
114,15,0.7082642501754632
114,16,0.4160182180889863
114,17,0.2909376715042554
114,18,0.6498294867478005
114,19,0.2922693588865092
114,20,0.8906257459935161
114,21,0.902385826972102
114,22,0.058613506265933424
114,23,0.2716137948716396
114,24,0.6242139487020611
114,25,0.9158230278656283
114,26,0.9737722284651277
114,27,0.19546341362502628
114,28,0.8335150715790389
114,29,0.4754870224600932
114,30,0.607767887109138
115,10,0.11324905025845644
115,11,0.6890491564920175
115,12,0.2143017569029887
115,13,0.6843441379209209
115,14,0.4285055705381974
115,15,0.8360767716016587
115,16,0.45834485187797325
115,17,0.7657265668732542
115,18,0.35865819956738143
115,19,0.5161913483255162
115,20,0.042751417851896956
115,21,0.8839818097539077
115,22,0.6739037327380119
115,23,0.4988085991076576
115,24,0.14297104963090213
115,25,0.5890652640518704
115,26,0.7341963437601586
115,27,0.08916534449608438
115,28,0.6713690073293197
115,29,0.6442044219772995
115,30,0.08416068934955945
116,10,0.7599957911921603
116,11,0.9538942190739359
116,12,0.9162507421831597
116,13,0.2894556634739003
116,14,0.67698724378371
116,15,0.710188480153453
116,16,0.37448637203969415
116,17,0.8774838343937128
116,18,0.7331202479001118
116,19,0.5033011890489683
116,20,0.6922523148421439
116,21,0.19197425668670753
116,22,0.41005381864418367
116,23,0.30384239991352724
116,24,0.5641165913399313
116,25,0.3864233287550759
116,26,0.8138130616453436
116,27,0.12604198671624844
116,28,0.052050270763153605
116,29,0.5902885907763379
116,30,0.9670122288779919
117,10,0.48039116326878684
117,11,0.24024377329949442
117,12,0.15946023187466718
117,13,0.7275945986798449
117,14,0.2271743203372334
117,15,0.09249171865794381
117,16,0.7408331926943234
117,17,0.37703700143301233
117,18,0.6753920875689536
117,19,0.861058373144532
117,20,0.45703104272349604
117,21,0.9107395963223298
117,22,0.7585434901417055
117,23,0.1987375400631236
117,24,0.4806682148354746
117,25,0.14704471090030413
117,26,0.2446065222371815
117,27,0.7348474300460498
117,28,0.13790867061207168
117,29,0.8113440972795073
117,30,0.33383352102893515
118,10,0.8781213412422961
118,11,0.0957574207843005
118,12,0.4781591150360748
118,13,0.8994230092121291
118,14,0.19085315257701263
118,15,0.2522721978904967
118,16,0.5548818932470904
118,17,0.17149218369426922
118,18,0.4455232642958685
118,19,0.3718710233151711
118,20,0.7669534259670056
118,21,0.3909427178996865
118,22,0.5514896819870482
118,23,0.29900677679846877
118,24,0.25972298390354
118,25,0.7317951289655066
118,26,0.3858533642870724
118,27,0.4823366048515928
118,28,0.45033441388521633
118,29,0.7641612402655877
118,30,0.9016492717615622
119,10,0.5722005115916171
119,11,0.6011124502773016
119,12,0.48031459454738124
119,13,0.806166511683252
119,14,0.9690863132750701
119,15,0.7306771016107055
119,16,0.31762777397637676
119,17,0.707772170331938
119,18,0.5511790320942227
119,19,0.33041108164122335
119,20,0.8164168119413274
119,21,0.1916630838081521
119,22,0.04325336761084253
119,23,0.06541077886401025
119,24,0.95114484540235
119,25,0.3588786574087681
119,26,0.8246271036257893
119,27,0.12130032264370327
119,28,0.659828225191316
119,29,0.06861289925011016
119,30,0.7007029848107924
120,10,0.06393347499291968
120,11,0.7022061402911404
120,12,0.6961972985383383
120,13,0.9944273815073313
120,14,0.6234277286218955
120,15,0.23709847525871108
120,16,0.7391255526560865
120,17,0.4780803801597969
120,18,0.29250778807834554
120,19,0.716279244032446
120,20,0.0224152224363231
120,21,0.12921015908894595
120,22,0.6325751554265889
120,23,0.7826821144644633
120,24,0.09013038031824461
120,25,0.9394500688980798
120,26,0.7523889646690213
120,27,0.7151641153057956
120,28,0.6637460148866594
120,29,0.01679676091303317
120,30,0.10142502625673233
121,10,0.7237804478463514
121,11,0.12656898678923523
121,12,0.2665175398582197
121,13,0.07925429387734362
121,14,0.7614093726285422
121,15,0.2535680945898946
121,16,0.6478344560090628
121,17,0.32601888654481115
121,18,0.6563241224849973
121,19,0.57766340921645
121,20,0.19076219259377536
121,21,0.014446377836873636
121,22,0.6185211920589228
121,23,0.35304538000627084
121,24,0.8444245816593462
121,25,0.46160147874000745
121,26,0.17471212059892438
121,27,0.6635776567471402
121,28,0.2785792467394539
121,29,0.967898085317318
121,30,0.7978603734541391
122,10,0.48801255215163775
122,11,0.060409518852375665
122,12,0.41997568534513363
122,13,0.8926034624858921
122,14,0.06908883755080852
122,15,0.5047461724174325
122,16,0.44751769942629216
122,17,0.7494852226257523
122,18,0.6986638415854652
122,19,0.8492431919079494
122,20,0.35850769838690166
122,21,0.048425599080805126
122,22,0.525231928193772
122,23,0.8868293795220056
122,24,0.007833913425736472
122,25,0.745941569788876
122,26,0.6551233828475095
122,27,0.3308984473904004
122,28,0.9457058275230947
122,29,0.4053706782437826
122,30,0.8723161146291105
123,10,0.9396471511663634
123,11,0.5489406747903931
123,12,0.05526526622195416
123,13,0.7711818888092016
123,14,0.02705656626392805
123,15,0.9127180772952089
123,16,0.5831363059792363
123,17,0.8065392331421767
123,18,0.9780563148861503
123,19,0.16552491461161345
123,20,0.5089853653514793
123,21,0.7445015643749221
123,22,0.8936954447010516
123,23,0.6281579887533809
123,24,0.2414599687162372
123,25,0.795457934697832
123,26,0.6817930009199392
123,27,0.9870982221611478
123,28,0.12279291212623378
123,29,0.08771295290306125
123,30,0.12918520288860347
124,10,0.43360943498609084
124,11,0.21241742213981718
124,12,0.7770863076718217
124,13,0.6581069230954282
124,14,0.09125377645652288
124,15,0.6625865403820634
124,16,0.4608575558054949
124,17,0.93290906451136
124,18,0.14342313656432948
124,19,0.17966803107155804
124,20,0.15570028639314348
124,21,0.8046216285958173
124,22,0.5998933162105916
124,23,0.19394505619710245
124,24,0.12834032955893848
124,25,0.04900233708441015
124,26,0.30319835739796785
124,27,0.5489521960335341
124,28,0.5330711883118493
124,29,0.627150534697056
124,30,0.21717447009476898
125,10,0.9850664261760338
125,11,0.3956380045829182
125,12,0.4815095654237398
125,13,0.6852890067756647
125,14,0.8470802582175228
125,15,0.5893361946648106
125,16,0.6837293636758378
125,17,0.645372439290922
125,18,0.18029971956837887
125,19,0.3997619269573248
125,20,0.8136736810338208
125,21,0.9457804336446901
125,22,0.7040860009130883
125,23,0.25723859772677515
125,24,0.130331406148538
125,25,0.6639558387505472
125,26,0.282803458937102
125,27,0.8363393837383117
125,28,0.5231546361360855
125,29,0.30651604090399187
125,30,0.6996086331540349
126,10,0.4185486594817083
126,11,0.6033382716513578
126,12,0.050506302927599944
126,13,0.23538812096237127
126,14,0.747704281460731
126,15,0.843776911032472
126,16,0.7144473987528966
126,17,0.18632833247640457
126,18,0.7354748727562334
126,19,0.8791549208664043
126,20,0.7356278320832424
126,21,0.6595093659047806
126,22,0.2794340818751474
126,23,0.6564226781543068
126,24,0.9877494242840226
126,25,0.6835202298773958
126,26,0.9613803769325598
126,27,0.20029491065458538
126,28,0.35362229216664054
126,29,0.3253727103318754
126,30,0.8775716637804502
127,10,0.6205142539350448
127,11,0.69324780519976
127,12,0.382216340281345
127,13,0.6169450238880577
127,14,0.01086036012916014
127,15,0.8158939064105333
127,16,0.06600631423820946
127,17,0.6268535406761199
127,18,0.8203681885191001
127,19,0.4034692107439998
127,20,0.4150766606467682
127,21,0.36615636687395436
127,22,0.6991635081585493
127,23,0.8175655941098154
127,24,0.08402562088614152
127,25,0.9740409475225577
127,26,0.33712185097964886
127,27,0.9713324511093773
127,28,0.16010785751285572
127,29,0.312776979754119
127,30,0.02860982355179953
128,10,0.6808723167287187
128,11,0.9800996202462897
128,12,0.6208258709697095
128,13,0.3903254623311101
128,14,0.6894998744332902
128,15,0.6735808850056775
128,16,0.648819119659448
128,17,0.1571161150119753
128,18,0.7006294193018463
128,19,0.2792358177564749
128,20,0.9580426997916154
128,21,0.30525677651585703
128,22,0.9953322894653344
128,23,0.9122796710267088
128,24,0.8712723990892928
128,25,0.18054779242030117
128,26,0.26975691893577836
128,27,0.9552812439031281
128,28,0.006396258135806132
128,29,0.5231350416467372
128,30,0.9282305748243258
129,10,0.4097095331518471
129,11,0.8111764095905946
129,12,0.7657416784767663
129,13,0.9725850247910515
129,14,0.6402295382226945
129,15,0.004626447091173436
129,16,0.2923478831024643
129,17,0.3255121283360737
129,18,0.7788732448353197
129,19,0.5709952175361487
129,20,0.6371316764772954
129,21,0.7045457759121764
129,22,0.3162486397328039
129,23,0.683443270818872
129,24,0.46000265092211934
129,25,0.5488336800028539
129,26,0.8907409930218667
129,27,0.2561961695399474
129,28,0.8739960582137378
129,29,0.37560429654265826
129,30,0.40459702631425587
130,10,0.8729640916336101
130,11,0.8465908070683101
130,12,0.3199152805836144
130,13,0.3498128871703564
130,14,0.6564716058297423
130,15,0.36259160882946173
130,16,0.23639531470238917
130,17,0.9760829170938568
130,18,0.9779431199584298
130,19,0.28135141323293755
130,20,0.2186828171006272
130,21,0.049645788504151356
130,22,0.2124658486759019
130,23,0.7349921593913914
130,24,0.2572829763988025
130,25,0.8310121215261974
130,26,0.0930605284976812
130,27,0.673900115734805
130,28,0.546745950684682
130,29,0.8023223248830021
130,30,0.33758286620094935
131,10,0.7479349299727669
131,11,0.379223705267664
131,12,0.7404152945474267
131,13,0.4238093206289303
131,14,0.18019230239364492
131,15,0.7897303501584232
131,16,0.2245047289044938
131,17,0.0679435181992516
131,18,0.9632158703488949
131,19,0.6152407959182092
131,20,0.5064951144185833
131,21,0.24162327653533344
131,22,0.425216194399034
131,23,0.9179314841908706
131,24,0.25553363885945246
131,25,0.25316844864137444
131,26,0.02555492766011158
131,27,0.27900993414912756
131,28,0.2127157301030832
131,29,0.47732844338481595
131,30,0.6324964569365067
132,10,0.393305401967881
132,11,0.5880701059285448
132,12,0.48363703724827056
132,13,0.9200561141052706
132,14,0.9687916756043896
132,15,0.36740561819871365
132,16,0.25724288382477634
132,17,0.08896975397843332
132,18,0.6279476078333842
132,19,0.9063618285454453
132,20,0.7166355144619834
132,21,0.4074752055423433
132,22,0.2736517817040419
132,23,0.9024214653177939
132,24,0.84032940936239
132,25,0.6772100133476262
132,26,0.9429775021694402
132,27,0.10056283991659731
132,28,0.4080376478116715
132,29,0.2653665619846811
132,30,0.2948179176048221
133,10,0.2971982892918119
133,11,0.6607023108707243
133,12,0.4915781196761011
133,13,0.5419756827965733
133,14,0.8551857229879202
133,15,0.5693813407481069
133,16,0.11797408672129173
133,17,0.648142004034537
133,18,0.9484438441923687
133,19,0.5628291787077273
133,20,0.5026185818718515
133,21,0.8343082016256078
133,22,0.5107736565711166
133,23,0.7485765975787588
133,24,0.7320336840531282
133,25,0.6711166661197249
133,26,0.5897684607537982
133,27,0.740084149130731
133,28,0.7180557197141666
133,29,0.4161806077283652
133,30,0.46189046747346363
134,10,0.6113256184981088
134,11,0.6048344890280113
134,12,0.887037887347004
134,13,0.8670064056236576
134,14,0.5581167777167717
134,15,0.3039671883259879
134,16,0.3907984440447779
134,17,0.012073005015861282
134,18,0.6290476199258945
134,19,0.5010630323711474
134,20,0.06336316728064384
134,21,0.484677261877675
134,22,0.9817429253005413
134,23,0.40201073534477993
134,24,0.4926696761736097
134,25,0.7436830513146191
134,26,0.4757020538205833
134,27,0.5320149816553785
134,28,0.25596286296056636
134,29,0.7869564024389488
134,30,0.6956700656026324
135,10,0.7449652981451538
135,11,0.46920649612047083
135,12,0.4782032295795744
135,13,0.4762382170300148
135,14,0.3218158428275131
135,15,0.6205539225736826
135,16,0.20864452170510606
135,17,0.9440908771139827
135,18,0.3158062417302877
135,19,0.2658739467157164
135,20,0.15476014523404558
135,21,0.6485017817681556
135,22,0.6320568323037821
135,23,0.9494322783406305
135,24,0.7999354086760078
135,25,0.03515839370291862
135,26,0.006912959833506704
135,27,0.712440860129786
135,28,0.8484386689662378
135,29,0.14972529295221648
135,30,0.42003212515879573
136,10,0.008664584324045155
136,11,0.34905567922085
136,12,0.055290989657651224
136,13,0.2637080084604505
136,14,0.10954274847910939
136,15,0.818022459350239
136,16,0.5195960252760641
136,17,0.41563231966317526
136,18,0.7873472649476946
136,19,0.9313609090652002
136,20,0.8138549190467462
136,21,0.737613857282695
136,22,0.19515964132453945
136,23,0.033199481314081236
136,24,0.3903919483496905
136,25,0.34269195875031777
136,26,0.7656113909955468
136,27,0.8176201466777092
136,28,0.8120541962396278
136,29,0.4071760106569309
136,30,0.46089981213151987
137,10,0.6355681545830214
137,11,0.38488676255810583
137,12,0.6040600516820726
137,13,0.8348728234077296
137,14,0.9037095315520534
137,15,0.2548852918731095
137,16,0.5851602104221252
137,17,0.5074405352079587
137,18,0.829597653645395
137,19,0.6144138641505292
137,20,0.32485508456667245
137,21,0.12243076973363232
137,22,0.02389371760571024
137,23,0.7339430128493151
137,24,0.7908827667556078
137,25,0.8261451251903041
137,26,0.6544320384098278
137,27,0.5362820739898795
137,28,0.9420770273182207
137,29,0.03420403524133897
137,30,0.08291149500190886
138,10,0.33238609659583207
138,11,0.25745265604620704
138,12,0.43188874762696516
138,13,0.9299722142765182
138,14,0.029311012122610003
138,15,0.66905006170457
138,16,0.7178813837337851
138,17,0.10062538593809289
138,18,0.6836549879887593
138,19,0.28590821883611417
138,20,0.4375036430334024
138,21,0.489854075244477
138,22,0.7560757406533926
138,23,0.941240200061235
138,24,0.10247714850257184
138,25,0.8022441696062417
138,26,0.9379142263228384
138,27,0.5380290783989302
138,28,0.3056535869970144
138,29,0.9720328651597068
138,30,0.5007834714331783
139,10,0.9868477393748692
139,11,0.3555719160001123
139,12,0.75456138629323
139,13,0.8993433703163722
139,14,0.062305348365482294
139,15,0.2964547611433358
139,16,0.7703489336975237
139,17,0.08170568790980892
139,18,0.784394598629307
139,19,0.38449252156051583
139,20,0.6656320182982172
139,21,0.153930453630451
139,22,0.13139654564804404
139,23,0.7247220065103388
139,24,0.4201788333926979
139,25,0.06251653286141812
139,26,0.39784857880674596
139,27,0.5428236479222665
139,28,0.720785314789812
139,29,0.2567125373813435
139,30,0.6019758583565722
140,10,0.5824931112161889
140,11,0.7242440397266913
140,12,0.21761454181028128
140,13,0.11412384842432555
140,14,0.09655844221615162
140,15,0.9346707537669184
140,16,0.49263991052120604
140,17,0.45937879916844326
140,18,0.9207070969191357
140,19,0.0443729063945989
140,20,0.4557953240034692
140,21,0.7843020509384132
140,22,0.6481125381116685
140,23,0.6151924668131609
140,24,0.07777112776539719
140,25,0.4502576840518522
140,26,0.3398546503117096
140,27,0.4313681012062913
140,28,0.5570903258744223
140,29,0.4258662506415698
140,30,0.14704881047390284
141,10,0.9155919194858584
141,11,0.7916662332557939
141,12,0.597362280331209
141,13,0.4696801325850406
141,14,0.44839355494776856
141,15,0.35282278065070394
141,16,0.777190120043698
141,17,0.8927433231320623
141,18,0.9115976655555564
141,19,0.5919969811910439
141,20,0.5316327628898737
141,21,0.8746475622721691
141,22,0.3297016423670268
141,23,0.8949370207754223
141,24,0.9971330718598109
141,25,0.9305857328103183
141,26,0.5537710721905965
141,27,0.7967980411579426
141,28,0.38955971349121754
141,29,0.5917174967494431
141,30,0.3775927801589344
142,10,0.45814447050325513
142,11,0.8367577996035951
142,12,0.9955323534446197
142,13,0.8825701287067783
142,14,0.6579226582197717
142,15,0.06851610724274215
142,16,0.7171525351019857
142,17,0.8126085259108561
142,18,0.5279196970425083
142,19,0.7624334456915186
142,20,0.06514511229489883
142,21,0.9818653660232647
142,22,0.42169066960092483
142,23,0.9318100973055924
142,24,0.7274393757622131
142,25,0.9273905417079096
142,26,0.803618442109864
142,27,0.2503497253437488
142,28,0.7804158362288105
142,29,0.7603283221585979
142,30,0.730702346093362
143,10,0.9040047421802816
143,11,0.9102161437156356
143,12,0.7596088771294738
143,13,0.5278856901234781
143,14,0.9030927545056474
143,15,0.5805220014053879
143,16,0.1609414127641765
143,17,0.05403982319347089
143,18,0.6477260225184658
143,19,0.11693616319579869
143,20,0.008489309966339897
143,21,0.972047550499353
143,22,0.6367848843558609
143,23,0.9131984070918094
143,24,0.6847988042943669
143,25,0.42084426382965323
143,26,0.563444542561341
143,27,0.7734072819657193
143,28,0.2718011870898225
143,29,0.477568720944772
143,30,0.08492681695213966
144,10,0.37575464650396073
144,11,0.5715430174329261
144,12,0.8587370966163296
144,13,0.3687914230601078
144,14,0.11838818397532491
144,15,0.25435974210153545
144,16,0.6020483837960678
144,17,0.08978308224805376
144,18,0.4666045958542224
144,19,0.6359172368061219
144,20,0.44586595936156337
144,21,0.7806333657570967
144,22,0.9595790481128537
144,23,0.3534724593822004
144,24,0.32593376366742555
144,25,0.32092155565152536
144,26,0.5579428931431429
144,27,0.23877936006517397
144,28,0.7271933789023987
144,29,0.9697835970836903
144,30,0.826448612904576
145,10,0.3735727267795391
145,11,0.08600328185760198
145,12,0.5734006099311394
145,13,0.49270796002193895
145,14,0.5562816281405536
145,15,0.25478556960771015
145,16,0.29827316602932785
145,17,0.7616473342982998
145,18,0.730467253906192
145,19,0.32419777233696445
145,20,0.17269789145269177
145,21,0.12954457981023293
145,22,0.2544770073128818
145,23,0.2741582795091254
145,24,0.9575793918782604
145,25,0.9662776486278791
145,26,0.5264608309335113
145,27,0.8428330083941723
145,28,0.14482074129243017
145,29,0.21646866056084568
145,30,0.8586202330565766
146,10,0.5926556840591001
146,11,0.43836640883957134
146,12,0.11181217829122247
146,13,0.15777777460933684
146,14,0.6034030293635347
146,15,0.2086578678786858
146,16,0.666218825791683
146,17,0.36418070478768017
146,18,0.12931770673086684
146,19,0.6840388016251743
146,20,0.2934407111290026
146,21,0.008627354684270339
146,22,0.5613887384958912
146,23,0.047030919288459705
146,24,0.27321655131522793
146,25,0.6243498290829037
146,26,0.7888545640539202
146,27,0.8815735708730914
146,28,0.5529757965283326
146,29,0.33153479899280236
146,30,0.4106838563309191
147,10,0.629052346396697
147,11,0.47812776361840703
147,12,0.19310549618203143
147,13,0.021051129574183314
147,14,0.5026327939380347
147,15,0.6192376033269889
147,16,0.47987666119344663
147,17,0.18528597716528006
147,18,0.1029291971701759
147,19,0.5310986464880236
147,20,0.6929544381363584
147,21,0.34182818154232064
147,22,0.30778472521211575
147,23,0.8282639254923979
147,24,0.3160908677461238
147,25,0.6347794310576571
147,26,0.4271566336269069
147,27,0.7691748666571466
147,28,0.16272797231076852
147,29,0.34830667854055264
147,30,0.29398932520904486
148,10,0.2643145501416443
148,11,0.9938908892890339
148,12,0.4684768449237968
148,13,0.8529781742157738
148,14,0.33386780209071376
148,15,0.42300425042928347
148,16,0.4842647976163237
148,17,0.879050315436364
148,18,0.7859446989753656
148,19,0.3848772822245432
148,20,0.14013186635913244
148,21,0.3218629385417109
148,22,0.9143998373282425
148,23,0.874783947956516
148,24,0.3947331641709789
148,25,0.07659467127456521
148,26,0.6801523749724324
148,27,0.9800189101174961
148,28,0.5145112926360004
148,29,0.00422628592931984
148,30,0.42668606332899206
149,10,0.9986065421126261
149,11,0.34624299418165794
149,12,0.31839755494038624
149,13,0.5888100329268373
149,14,0.15482115364534155
149,15,0.1320374348421458
149,16,0.1441352909115431
149,17,0.042397748571282645
149,18,0.44688170945605654
149,19,0.29501427091453025
149,20,0.2013824498341108
149,21,0.9869068875907387
149,22,0.9056857302231786
149,23,0.9417359619773461
149,24,0.7992146808960009
149,25,0.058684817002076395
149,26,0.7822067138019952
149,27,0.8175794086511629
149,28,0.5179565081703508
149,29,0.8396284104317894
149,30,0.30644908769830537
150,10,0.1607617143517972
150,11,0.5100173546907228
150,12,0.6403733695228142
150,13,0.986248290312503
150,14,0.3781439380257676
150,15,0.19271244479205052
150,16,0.9322385672996923
150,17,0.10643092344779403
150,18,0.08191363526326134
150,19,0.9436468010788472
150,20,0.11927712081833652
150,21,0.11093914144379091
150,22,0.8959722357033088
150,23,0.8679709113948227
150,24,0.2195200447529423
150,25,0.8815259177221584
150,26,0.15447515380049348
150,27,0.9677054127264295
150,28,0.3132713101735941
150,29,0.777242293269722
150,30,0.7015818343730464
151,10,0.7938003763569913
151,11,0.4489189050120135
151,12,0.48709989314130286
151,13,0.5015808943251393
151,14,0.2555726872869545
151,15,0.6554167899298589
151,16,0.1873132294808425
151,17,0.2587685302856343
151,18,0.7980619586646533
151,19,0.19910614256661985
151,20,0.7761598223646512
151,21,0.6224723874883379
151,22,0.9795609672017428
151,23,0.6956550773474205
151,24,0.016449333417239087
151,25,0.3092448180734857
151,26,0.11877193735324554
151,27,0.8035166159330123
151,28,0.1676469927946489
151,29,0.40561407713129594
151,30,0.8712559025842654
152,10,0.5681398037161661
152,11,0.1888561250593569
152,12,0.9031140823627553
152,13,0.0905210205423681
152,14,0.953618728262715
152,15,0.04876075705890026
152,16,0.9870580875626974
152,17,0.3467608400025861
152,18,0.5809924469173158
152,19,0.8297438443586965
152,20,0.557811365890149
152,21,0.24953606923268534
152,22,0.6072227151851423
152,23,0.927640925302454
152,24,0.1663515595147702
152,25,0.19218723891889322
152,26,0.22973689969162547
152,27,0.7885608411425574
152,28,0.08298378107921267
152,29,0.6423766940797153
152,30,0.10212168741814698
153,10,0.3697652308342857
153,11,0.8726463465287009
153,12,0.2487794998025128
153,13,0.3281303847008732
153,14,0.4553402397675943
153,15,0.9205569954439703
153,16,0.44528088502206964
153,17,0.5067596566182908
153,18,0.238582256628335
153,19,0.8469349041994336
153,20,0.38513247192608324
153,21,0.05681374919129023
153,22,0.9148816085363948
153,23,0.5624057239548587
153,24,0.4336657296623895
153,25,0.7369583293451906
153,26,0.47571112498223544
153,27,0.9365639055466137
153,28,0.5042821828361612
153,29,0.6171374751242772
153,30,0.049336435675695234
154,10,0.7844285552239592
154,11,0.7850501676872098
154,12,0.6563220162767152
154,13,0.724827512331689
154,14,0.9787122257105412
154,15,0.6090525366148729
154,16,0.24284121987643736
154,17,0.06116901541939024
154,18,0.05113600064691892
154,19,0.8988432133282485
154,20,0.2940988239660395
154,21,0.4852584865141568
154,22,0.9778556860022858
154,23,0.12961618425111232
154,24,0.7907927015270081
154,25,0.29566720466493324
154,26,0.6756311396168483
154,27,0.22069745953781805
154,28,0.6264376708496485
154,29,0.7705127121635436
154,30,0.4266530683486425
155,10,0.9255535750113568
155,11,0.737107256557325
155,12,0.02079950119803553
155,13,0.31667275799607
155,14,0.9759250847662584
155,15,0.7698638529231543
155,16,0.6411541095543483
155,17,0.1233705587124796
155,18,0.32162603743162343
155,19,0.22150973943822916
155,20,0.3452935187161411
155,21,0.8674639872979356
155,22,0.40493503492074445
155,23,0.0019614858363634635
155,24,0.8893284470158254
155,25,0.31915837341586584
155,26,0.1376332210477189
155,27,0.5269974941141371
155,28,0.8511360565851417
155,29,0.6285749672084684
155,30,0.17311543862530465
156,10,0.4890865166147429
156,11,0.8923117245094734
156,12,0.7856608993796556
156,13,0.22348352240178937
156,14,0.5668272494484353
156,15,0.38456802586016725
156,16,0.40739343486549073
156,17,0.368278602040886
156,18,0.6327479589867995
156,19,0.3532124788391401
156,20,0.36719766815222643
156,21,0.16956291826544878
156,22,0.7769450652419547
156,23,0.10423872792568722
156,24,0.6340883477182113
156,25,0.3586128823102831
156,26,0.5710020964920954
156,27,0.6396151595042098
156,28,0.2355520516056282
156,29,0.05416326469617483
156,30,0.8565768624983116
157,10,0.9107372933861204
157,11,0.012804408558092728
157,12,0.8007498359798325
157,13,0.19467162786448322
157,14,0.04458886070154433
157,15,0.12207035452676684
157,16,0.6931070950793885
157,17,0.4423385972960633
157,18,0.6031200878436394
157,19,0.029226032412992597
157,20,0.9198751277766989
157,21,0.6208051581707034
157,22,0.9246566886073339
157,23,0.5733482976377948
157,24,0.7671809099531114
157,25,0.11950306921814335
157,26,0.05431847398780809
157,27,0.8522612541408772
157,28,0.9044822657771597
157,29,0.8401875022131565
157,30,0.7467572795989406
158,10,0.9598946322470419
158,11,0.3961820720104823
158,12,0.058490972471264335
158,13,0.7559975852999711
158,14,0.22585766706430221
158,15,0.2928006224170293
158,16,0.4539725930053484
158,17,0.8839844071696954
158,18,0.8300868050912729
158,19,0.8684330680095547
158,20,0.6898638939782501
158,21,0.007814211857318565
158,22,0.09415272226395477
158,23,0.7344414975161137
158,24,0.20335646504830873
158,25,0.9937374717391416
158,26,0.02674179169476043
158,27,0.6970349694292071
158,28,0.3223819471829046
158,29,0.12343309383776091
158,30,0.1393764134020481
159,10,0.15071434780249493
159,11,0.7457904872991785
159,12,0.5949720628442635
159,13,0.7508925231597513
159,14,0.16132450763794637
159,15,0.7283686353251818
159,16,0.7297755541778641
159,17,0.8154008099874096
159,18,0.7357145794910941
159,19,0.5959303223948206
159,20,0.36312688668363
159,21,0.3472163533760614
159,22,0.6526993664974969
159,23,0.3970002309337378
159,24,0.489438657737462
159,25,0.6572464962973897
159,26,0.7027559235388219
159,27,0.7630995522839449
159,28,0.7534352509917646
159,29,0.8911835223207774
159,30,0.5512598068381581
160,10,0.2846857238882117
160,11,0.565228654164383
160,12,0.07575166236015762
160,13,0.48593801003924864
160,14,0.7210477783079954
160,15,0.9038653355369596
160,16,0.7814291422626525
160,17,0.9685321901200409
160,18,0.17696313061891966
160,19,0.4162144807478265
160,20,0.807303481254132
160,21,0.9752148319916956
160,22,0.02103039254961825
160,23,0.1785043926197155
160,24,0.66592655626952
160,25,0.2780059341108736
160,26,0.24773070329649483
160,27,0.44258581214722603
160,28,0.1455350390305279
160,29,0.24754409005740874
160,30,0.15038616102350644
161,10,0.9499144526088157
161,11,0.5825957895838182
161,12,0.5436006231487059
161,13,0.14015543979894263
161,14,0.712073231967396
161,15,0.3256923417837845
161,16,0.039852367878119854
161,17,0.376441180723887
161,18,0.749702524519426
161,19,0.04582329623413128
161,20,0.10780547222816694
161,21,0.6962678075315917
161,22,0.4476920638396785
161,23,0.5041290597969798
161,24,0.6275119365517015
161,25,0.18620080334226274
161,26,0.9730297241252465
161,27,0.09536099365773809
161,28,0.4496335443434619
161,29,0.7201040715802897
161,30,0.05748888420121112
162,10,0.1554841563740852
162,11,0.4962894350381638
162,12,0.29565129880385344
162,13,0.3315725488760305
162,14,0.14134452510919093
162,15,0.8314389849663705
162,16,0.6455182986100995
162,17,0.14320509643445622
162,18,0.7136027509897331
162,19,0.5941661010422447
162,20,0.061642473787244634
162,21,0.26173010600053415
162,22,0.14673371295202142
162,23,0.6249359449410461
162,24,0.17926279556173985
162,25,0.9639907027453345
162,26,0.44292114007164063
162,27,0.4480858430209421
162,28,0.30918011840636206
162,29,0.4079283983862476
162,30,0.5909535048217193
163,10,0.893942312618872
163,11,0.19475713032137265
163,12,0.9888833660428604
163,13,0.5849126688749388
163,14,0.6907267554528778
163,15,0.1150539646089227
163,16,0.42278893903135484
163,17,0.4348898244672257
163,18,0.6689555519536937
163,19,0.5974348606562452
163,20,0.8513025834063305
163,21,0.863709820668465
163,22,0.5804685548644137
163,23,0.556386239111202
163,24,0.3978089912142869
163,25,0.40406994614408187
163,26,0.5148540075754988
163,27,0.2664624831560589
163,28,0.7094191979989586
163,29,0.22096448910547095
163,30,0.24925406201368572
164,10,0.21078482444912927
164,11,0.7431232398086425
164,12,0.2717744168384013
164,13,0.16517332751837133
164,14,0.955943904845378
164,15,0.995129275477173
164,16,0.5487701887515681
164,17,0.7195550729600698
164,18,0.35548815747671914
164,19,0.3454172633915281
164,20,0.9361810379784431
164,21,0.2861941653325638
164,22,0.46617224577006633
164,23,0.12091240223480204
164,24,0.7215254549138016
164,25,0.259681509189695
164,26,0.4198448773073441
164,27,0.6931681517006513
164,28,0.4435809257649147
164,29,0.19618844630528542
164,30,0.009027361083256524
165,10,0.9419801919635858
165,11,0.6345240191603958
165,12,0.3096742506562449
165,13,0.4648705269394692
165,14,0.6138362496735639
165,15,0.9374481668065332
165,16,0.9325116015597227
165,17,0.5970249551452329
165,18,0.6249965661014438
165,19,0.4755107536142734
165,20,0.14974124028831615
165,21,0.6973910804144601
165,22,0.3357215841344414
165,23,0.11339129123622382
165,24,0.2624959810019547
165,25,0.004059960406829322
165,26,0.5579815175803312
165,27,0.5171587758251859
165,28,0.754484304757501
165,29,0.010101131040243017
165,30,0.5372102483810988
166,10,0.6012846481491771
166,11,0.35078900221930165
166,12,0.6655627248309256
166,13,0.6963680215586098
166,14,0.8877026458637445
166,15,0.7892778486647558
166,16,0.7147465337192891
166,17,0.48395592954505884
166,18,0.7405591159515124
166,19,0.7531353246815231
166,20,0.16285800880657453
166,21,0.10701671921351397
166,22,0.7134969662059859
166,23,0.11100089160802051
166,24,0.5200421677703571
166,25,0.31105609937028667
166,26,0.8961456371659658
166,27,0.5767844008565699
166,28,0.3773047257134655
166,29,0.5774211411866093
166,30,0.01827929576628018
167,10,0.7000715819966222
167,11,0.18508065812151675
167,12,0.16229558194579863
167,13,0.06215142365104964
167,14,0.3320049427486861
167,15,0.68556852142764
167,16,0.6667746126721644
167,17,0.5672204599899513
167,18,0.7298407398216885
167,19,0.285072633226088
167,20,0.40569831848129556
167,21,0.3287460102165277
167,22,0.8510379321106271
167,23,0.13262357812683945
167,24,0.06530635608920055
167,25,0.07484678710395865
167,26,0.5984015154128489
167,27,0.5549619236711487
167,28,0.19243427614098285
167,29,0.13815623381921627
167,30,0.5502375480237849
168,10,0.09873326474489597
168,11,0.8660947066268152
168,12,0.24210739702361728
168,13,0.7264514326225382
168,14,0.14133290794750297
168,15,0.09880537326565897
168,16,0.5936001192350181
168,17,0.5916049226736426
168,18,0.5545991916811115
168,19,0.5692354046311557
168,20,0.8119198963858163
168,21,0.9105602292474606
168,22,0.27887011441529674
168,23,0.15233842957808408
168,24,0.14239282736012426
168,25,0.04319479663344161
168,26,0.42113494243763083
168,27,0.4311423590780755
168,28,0.36850195863706237
168,29,0.8155472934084088
168,30,0.6614367055117402
169,10,0.11603443343947772
169,11,0.4034494944090501
169,12,0.2182699641720497
169,13,0.5277251569547249
169,14,0.7629927029865164
169,15,0.726134862094051
169,16,0.9507701137646039
169,17,0.15320946997151907
169,18,0.9518368686338219
169,19,0.6727151687071947
169,20,0.22407512953622521
169,21,0.9138604351523504
169,22,0.4631978972901959
169,23,0.5663787491854477
169,24,0.07636416301986837
169,25,0.8322861304283979
169,26,0.8323205348102996
169,27,0.44902361056616713
169,28,0.07547112307259407
169,29,0.9647024402157003
169,30,0.9420335971818828
170,10,0.824806474044715
170,11,0.010210045971832837
170,12,0.39016954367734336
170,13,0.2536413205653074
170,14,0.1426533138364975
170,15,0.7835590218762554
170,16,0.17962882474223874
170,17,0.04850078766568844
170,18,0.8980647288139084
170,19,0.05950851795257095
170,20,0.0690880211380841
170,21,0.04758754462021364
170,22,0.82418260720195
170,23,0.8859379070512774
170,24,0.7906872628965744
170,25,0.305077340403369
170,26,0.11261467039282658
170,27,0.7907866946205799
170,28,0.2943238282810601
170,29,0.5527138337413768
170,30,0.9229074966132572
171,10,0.5328428655025688
171,11,0.8590418552067477
171,12,0.7925947081290363
171,13,0.5799329060467739
171,14,0.27184803271403335
171,15,0.7723487623711783
171,16,0.34192184167888073
171,17,0.749511217894138
171,18,0.464825528776147
171,19,0.2529724377609949
171,20,0.5895165788705268
171,21,0.9392742259568175
171,22,0.48786479021013396
171,23,0.41457185462726576
171,24,0.13610457742301152
171,25,0.49697017060200577
171,26,0.1924666617698637
171,27,0.3431736919957833
171,28,0.4341118997520601
171,29,0.5125424470047902
171,30,0.8029076035309226
172,10,0.4340330214859687
172,11,0.5918102136441531
172,12,0.9301354657078016
172,13,0.9686559918101815
172,14,0.5093899989598782
172,15,0.863942567676461
172,16,0.7587213699457632
172,17,0.5693899681320777
172,18,0.7493305010174561
172,19,0.8922836573263137
172,20,0.4639332381031037
172,21,0.45643761026047047
172,22,0.769187970997232
172,23,0.1669697171121417
172,24,0.9014308035922268
172,25,0.12256072962760378
172,26,0.3209714456603414
172,27,0.7923295652493125
172,28,0.7357621928793723
172,29,0.8663100849181792
172,30,0.93280918429559
173,10,0.22888643236619555
173,11,0.4901783578557002
173,12,0.06836639165914182
173,13,0.24657875406740148
173,14,0.18571278466191465
173,15,0.6202367739591168
173,16,0.8738468725294003
173,17,0.09378611339381748
173,18,0.8061009637960317
173,19,0.8976575902650493
173,20,0.6396045582290091
173,21,0.2454081284681795
173,22,0.4719077118101872
173,23,0.598717888291386
173,24,0.7220578483112846
173,25,0.5927297528098737
173,26,0.8307974398412775
173,27,0.34276628959959987
173,28,0.7112436129263267
173,29,0.629319948298675
173,30,0.6816469546593907
174,10,0.46189292947930816
174,11,0.9628071926139632
174,12,0.27759487439932284
174,13,0.13568446607426476
174,14,0.11934488129395149
174,15,0.7606933242787178
174,16,0.5815115882464729
174,17,0.24685596230905305
174,18,0.7752977079889699
174,19,0.9545366203676384
174,20,0.11267033136802773
174,21,0.8770426934342526
174,22,0.32803297576185075
174,23,0.15374737796740134
174,24,0.6846334860218372
174,25,0.5236136760290155
174,26,0.08817321515406717
174,27,0.8104173621588984
174,28,0.27655721983979553
174,29,0.7083872980563067
174,30,0.026793584395427006
175,10,0.5638833321719026
175,11,0.880469366517835
175,12,0.8588453029449531
175,13,0.17405494109903197
175,14,0.9223333249141052
175,15,0.6879307072588616
175,16,0.31534567964892757
175,17,0.19146997464708793
175,18,0.5217036999925663
175,19,0.3113184721856359
175,20,0.4482753779823707
175,21,0.6248089916022074
175,22,0.6138498041656976
175,23,0.5725562123656575
175,24,0.021012115782726326
175,25,0.9807580181618848
175,26,0.22192642842361565
175,27,0.08049717464945194
175,28,0.7281801425378458
175,29,0.914468445760073
175,30,0.7951582298698217
176,10,0.17497321419166756
176,11,0.744830986219543
176,12,0.6578456874481147
176,13,0.3119199872358144
176,14,0.5094046021633406
176,15,0.19142921664419899
176,16,0.787212780727541
176,17,0.17478761833133039
176,18,0.21558036309947026
176,19,0.24289191592418813
176,20,0.6446227802539904
176,21,0.4464022856908555
176,22,0.014199229726124307
176,23,0.17435077668310683
176,24,0.9461187302480317
176,25,0.9814061913901801
176,26,0.7515350034051538
176,27,0.1226770749531203
176,28,0.19475410614209243
176,29,0.916168735719331
176,30,0.7467955465389141
177,10,0.38264292034828595
177,11,0.5577836180230946
177,12,0.47421445951601937
177,13,0.9970687786372409
177,14,0.9149789591907017
177,15,0.795192933553626
177,16,0.8760327502608092
177,17,0.5188720083014002
177,18,0.9377491128426739
177,19,0.28455043572987315
177,20,0.9789246201490781
177,21,0.6408466499822787
177,22,0.3637277448180586
177,23,0.942445350581645
177,24,0.8422762169614848
177,25,0.8423867209779323
177,26,0.46464732635260797
177,27,0.031225959969198636
177,28,0.2538129874763472
177,29,0.5748333331482953
177,30,0.5118167064295575
178,10,0.510004805813014
178,11,0.17293899514242328
178,12,0.6222744362045323
178,13,0.4139232618248553
178,14,0.7530693816741046
178,15,0.370609549982885
178,16,0.077101208897292
178,17,0.992917970871978
178,18,0.7763699540501899
178,19,0.14085876218934634
178,20,0.7229647908400356
178,21,0.390212164956675
178,22,0.36946272612821385
178,23,0.15229565783445542
178,24,0.8149193590694103
178,25,0.23893252993660896
178,26,0.03985308366944018
178,27,0.9727017176108426
178,28,0.9933572874811749
178,29,0.7305775989247905
178,30,0.7060124115466155
179,10,0.003461000122934932
179,11,0.15551223700707761
179,12,0.025842268740129848
179,13,0.9926354293346961
179,14,0.9878818950347248
179,15,0.7661194474833962
179,16,0.905034376593431
179,17,0.04831846819989272
179,18,0.293929619205232
179,19,0.06670414054390539
179,20,0.4486384205644731
179,21,0.9747136031603574
179,22,0.8497718462641454
179,23,0.4029976497033869
179,24,0.017856813885278378
179,25,0.12490152620446271
179,26,0.7461595611092373
179,27,0.11728702160063431
179,28,0.9602181825602996
179,29,0.2571937086793772
179,30,0.15759379892439151
180,10,0.11484321996262037
180,11,0.4981689996612719
180,12,0.1635932504080665
180,13,0.3663943103063252
180,14,0.625635202741845
180,15,0.1995947426674889
180,16,0.01828263142745501
180,17,0.4194366776810259
180,18,0.761835620818203
180,19,0.43481692074140643
180,20,0.02618263663843856
180,21,0.30393799751331796
180,22,0.6031821004576902
180,23,0.7173869758951509
180,24,0.6434267584720248
180,25,0.4358835714062712
180,26,0.7228463947170949
180,27,0.12489465957896928
180,28,0.5065936498460022
180,29,0.8559776273277476
180,30,0.7916906761269037
181,10,0.9118941733426564
181,11,0.830806565454957
181,12,0.19527868835604834
181,13,0.35860576610026207
181,14,0.9650271721988305
181,15,0.17455425788151457
181,16,0.1359877937404399
181,17,0.13015247888606074
181,18,0.40280814596900005
181,19,0.35819274543136304
181,20,0.6357040262698509
181,21,0.015101532215512914
181,22,0.7911904419772509
181,23,0.5810556025675512
181,24,0.06407860949291744
181,25,0.23097907246180083
181,26,0.3075838999996814
181,27,0.9756149326047788
181,28,0.38429809906084844
181,29,0.5209483828899351
181,30,0.4081564760856474
182,10,0.07739690645226227
182,11,0.4372442501493884
182,12,0.48486182696091507
182,13,0.03948890871743749
182,14,0.8519605896358186
182,15,0.7609490035136268
182,16,0.9712747266567355
182,17,0.3946783234421293
182,18,0.7511562166327768
182,19,0.31748009690798173
182,20,0.08671143692450156
182,21,0.5016987048209749
182,22,0.12024429723031849
182,23,0.05734747514653993
182,24,0.8201064681460817
182,25,0.5663567946020318
182,26,0.5143335899162085
182,27,0.9376096963972576
182,28,0.5639240282894102
182,29,0.8930307435091999
182,30,0.008409102919357925
183,10,0.4348925858122683
183,11,0.8064524423147615
183,12,0.7797799248860021
183,13,0.35800537434542035
183,14,0.5980507864765912
183,15,0.7567331826769702
183,16,0.6543467538608263
183,17,0.9827891297244591
183,18,0.6172802613456416
183,19,0.9068969431132069
183,20,0.25386043219241583
183,21,0.6340709967601518
183,22,0.7599634183542117
183,23,0.7971432183963222
183,24,0.14310124924016088
183,25,0.3048441029665625
183,26,0.06545723733893893
183,27,0.6532362476563113
183,28,0.19218806110449338
183,29,0.06743806710554123
183,30,0.1291768351786614
184,10,0.2887833475949706
184,11,0.5542265107520471
184,12,0.9990897812294645
184,13,0.8575392674156171
184,14,0.09207397119858551
184,15,0.5514850153260556
184,16,0.4085884821888117
184,17,0.04812036439751455
184,18,0.5327987103322541
184,19,0.379523271150052
184,20,0.5165623321450777
184,21,0.8059272619200953
184,22,0.011815801280649407
184,23,0.28464199387234235
184,24,0.5104681455749044
184,25,0.4571707027556666
184,26,0.32357583247154853
184,27,0.30966212876344845
184,28,0.05892827125937039
184,29,0.0834672925104728
184,30,0.6367716582262039
185,10,0.8827478913619554
185,11,0.4467117928268035
185,12,0.7918781492967925
185,13,0.595555568479811
185,14,0.9056803630728034
185,15,0.10048738312195649
185,16,0.8897154946412819
185,17,0.5637333772544967
185,18,0.4883556665196225
185,19,0.3322258712172441
185,20,0.47123870451629224
185,21,0.9701210840020809
185,22,0.2510965775556119
185,23,0.9205971349653364
185,24,0.1433799617827134
185,25,0.0531353151570404
185,26,0.773742999571001
185,27,0.5743470980393426
185,28,0.0950993149459548
185,29,0.7881784638279268
185,30,0.4609669651670165
186,10,0.9877800584675407
186,11,0.8858993773186
186,12,0.9893049776240271
186,13,0.7588905343980403
186,14,0.7172483865000733
186,15,0.0014751831670094528
186,16,0.9550865154218854
186,17,0.5642905223188509
186,18,0.8458725776157545
186,19,0.14932599738510155
186,20,0.8730661919958838
186,21,0.06114700427918296
186,22,0.7981971319837211
186,23,0.4718596784344218
186,24,0.7565473192738366
186,25,0.8131223189792338
186,26,0.9582679660625951
186,27,0.0776821524358462
186,28,0.5406940377890682
186,29,0.34178863965680306
186,30,0.27273160700930665
187,10,0.5302253625295943
187,11,0.29439225735165087
187,12,0.18656844126924998
187,13,0.27434563357282993
187,14,0.8132998435899012
187,15,0.6916442910829929
187,16,0.11895288129818105
187,17,0.1954470865967024
187,18,0.9109084242646721
187,19,0.6059952604749748
187,20,0.4662441590556997
187,21,0.5436548786292512
187,22,0.4315546172859076
187,23,0.3030982285790056
187,24,0.5278848660436649
187,25,0.05938690859947393
187,26,0.22416071777509738
187,27,0.5372857184701172
187,28,0.7629285101960285
187,29,0.22220172106814062
187,30,0.0017126672499552242
188,10,0.08974577307743348
188,11,0.17418473148040414
188,12,0.6451165294326708
188,13,0.96793966295811
188,14,0.5696343318000225
188,15,0.5026702462273586
188,16,0.4689476183413652
188,17,0.40636682231459986
188,18,0.7247242512217036
188,19,0.82865141152148
188,20,0.5349667379724832
188,21,0.3395919536658708
188,22,0.4853553536175965
188,23,0.07036035379791772
188,24,0.20225005993582257
188,25,0.46895451461713267
188,26,0.3986566079691266
188,27,0.805467654418081
188,28,0.2303505552661288
188,29,0.5831901041931684
188,30,0.6439285667367747
189,10,0.8766275025049463
189,11,0.4939035267808436
189,12,0.5514936619549091
189,13,0.3367130725662498
189,14,0.33371012161167957
189,15,0.45158182209667996
189,16,0.5243543517507125
189,17,0.19041183297115194
189,18,0.7805659216174492
189,19,0.3002117886972472
189,20,0.6163993793066302
189,21,0.42928160587874853
189,22,0.0383254715298702
189,23,0.357476879566893
189,24,0.576644120974014
189,25,0.336817455585412
189,26,0.9343017782414695
189,27,0.46083243901126314
189,28,0.792078545803144
189,29,0.48915007199695404
189,30,0.6270626973341717
190,10,0.29581630797015435
190,11,0.10212023084525246
190,12,0.7287717102296768
190,13,0.6025266188621915
190,14,0.0362785417507826
190,15,0.6497261433332141
190,16,0.5546089764808323
190,17,0.6726800892736359
190,18,0.6632384135985775
190,19,0.8914862013316122
190,20,0.033055069496705336
190,21,0.9514710515269734
190,22,0.8079994165456321
190,23,0.8528416874224021
190,24,0.6589925715735296
190,25,0.43172999163510606
190,26,0.21256426341780454
190,27,0.27200740668063184
190,28,0.34649351341365275
190,29,0.8816593861999045
190,30,0.6012781806770995
191,10,0.38898526748199425
191,11,0.9754065975878132
191,12,0.55258692886261
191,13,0.05483058942031682
191,14,0.733986822422497
191,15,0.009563870542825259
191,16,0.8250464846167924
191,17,0.5684125211245306
191,18,0.38393361729607545
191,19,0.9494808693763392
191,20,0.5082498565933987
191,21,0.5493468048448891
191,22,0.33172479407274336
191,23,0.7977312210271548
191,24,0.4257214599223679
191,25,0.9039718444684561
191,26,0.7990347177562311
191,27,0.4802277400773063
191,28,0.5421747744680131
191,29,0.6274208978140208
191,30,0.4882461739326662
192,10,0.4486500669323372
192,11,0.9649403872567082
192,12,0.3206728389724449
192,13,0.6167564045952926
192,14,0.48704990816369376
192,15,0.7704229274638494
192,16,0.38703423645455737
192,17,0.5757724877995105
192,18,0.7008968707313258
192,19,0.5998435522826538
192,20,0.583754871715198
192,21,0.07323362551768564
192,22,0.9976774665927609
192,23,0.9209258393725464
192,24,0.9797346062160812
192,25,0.8602316316616818
192,26,0.8552106335577895
192,27,0.022765388132998887
192,28,0.2512113490702581
192,29,0.9188197447007118
192,30,0.10067404494550158
193,10,0.8357655800516814
193,11,0.24478578061679201
193,12,0.01014005741498647
193,13,0.9570753185444415
193,14,0.7321894671494142
193,15,0.5309978917907521
193,16,0.8717652809473115
193,17,0.8401863530511846
193,18,0.7648349276987297
193,19,0.8221161239906662
193,20,0.4146569782117411
193,21,0.08067657509934256
193,22,0.451166816663634
193,23,0.67111790931725
193,24,0.045734896101708555
193,25,0.25363329110382005
193,26,0.692435345197319
193,27,0.760544514787918
193,28,0.5798916551828189
193,29,0.6476487420001462
193,30,0.8580796330197281
194,10,0.07653950911255936
194,11,0.25814699607230096
194,12,0.4049179642808587
194,13,0.8037635142258344
194,14,0.79009682699071
194,15,0.4754995407921353
194,16,0.8293551746637166
194,17,0.1915661234767042
194,18,0.6348323897001813
194,19,0.3913742709075052
194,20,0.2320877727718893
194,21,0.7420897039382935
194,22,0.5567199154104805
194,23,0.5459713954243773
194,24,0.298188225194122
194,25,0.8411092303608161
194,26,0.7916173666303937
194,27,0.7864705052300668
194,28,0.7891635296569866
194,29,0.8229085785280553
194,30,0.8896664815975925
195,10,0.7989454337592555
195,11,0.739351765303842
195,12,0.038304825993502156
195,13,0.8998205636413817
195,14,0.5670913787982989
195,15,0.7028224036941575
195,16,0.5353726956345523
195,17,0.13629432535703057
195,18,0.5656687843579334
195,19,0.9765330307548843
195,20,0.20922629199843878
195,21,0.08450019771160688
195,22,0.29105673870974813
195,23,0.034698077234625035
195,24,0.6044156972850154
195,25,0.3222466002372327
195,26,0.41621139856332157
195,27,0.8519990774396919
195,28,0.3544911714076844
195,29,0.2397181561872902
195,30,0.4393389067384855
196,10,0.7815517857564938
196,11,0.8063227063936382
196,12,0.18744070955982794
196,13,0.315570656361696
196,14,0.7118575797970377
196,15,0.2006026789294978
196,16,0.41555766719061815
196,17,0.3079785941285813
196,18,0.7939141232651608
196,19,0.09035883383593069
196,20,0.5992579543928855
196,21,0.3313142204013403
196,22,0.7896145578496893
196,23,0.2559312676433807
196,24,0.08100181792209693
196,25,0.7145810778293838
196,26,0.5765813648116038
196,27,0.4000522590482415
196,28,0.2031354565432596
196,29,0.7086503375080675
196,30,0.9821099593639544
197,10,0.8144352295633851
197,11,0.0465397592335709
197,12,0.5264683908487456
197,13,0.8681363318670184
197,14,0.3682267709356002
197,15,0.3093081330346268
197,16,0.7745199538836189
197,17,0.9971065187826657
197,18,0.41144353234857267
197,19,0.36635431309027966
197,20,0.32235016755997614
197,21,0.7320604702310706
197,22,0.535081109322241
197,23,0.002517081409207589
197,24,0.3536706642539008
197,25,0.37415894335945954
197,26,0.7956563733536027
197,27,0.9546384018172539
197,28,0.1415881256961503
197,29,0.45789618452271685
197,30,0.562747445562345
198,10,0.4824496669145373
198,11,0.49019933078052136
198,12,0.7647057452266932
198,13,0.5234421474221421
198,14,0.2989913096455842
198,15,0.10708606135370646
198,16,0.11844229091228253
198,17,0.11120986641775854
198,18,0.16650325982208936
198,19,0.3953685404085818
198,20,0.3128299587099278
198,21,0.47101209765875784
198,22,0.184805479240011
198,23,0.10104009463766794
198,24,0.43767801174881915
198,25,0.12158070032083257
198,26,0.6485592824687297
198,27,0.7955527377655262
198,28,0.6880211341708701
198,29,0.427407335415087
198,30,0.8609240264516893
199,10,0.5886022836889171
199,11,0.09874968569039555
199,12,0.735615767709618
199,13,0.21059554583697482
199,14,0.18680240321053354
199,15,0.9260241404437475
199,16,0.2268903621509013
199,17,0.8975851360230047
199,18,0.5697846494063146
199,19,0.19155276484911243
199,20,0.4709198272843652
199,21,0.19279468168564728
199,22,0.7197352332321336
199,23,0.10123504521151527
199,24,0.909550968590214
199,25,0.6674608986652586
199,26,0.7573293109396043
199,27,0.6741037363518866
199,28,0.0744869965214009
199,29,0.8550822090111196
199,30,0.16842697551258579
200,10,0.9934549253650465
200,11,0.41641530683762806
200,12,0.4957628129715511
200,13,0.7233583955972895
200,14,0.6753900970754846
200,15,0.765242319771807
200,16,0.3631178020096064
200,17,0.5927398052410897
200,18,0.08237174041256312
200,19,0.4927004898088445
200,20,0.23543774016644647
200,21,0.9480355423124602
200,22,0.04704969087470945
200,23,0.8461208298551426
200,24,0.3618677390216696
200,25,0.5762832620118952
200,26,0.08514832298053465
200,27,0.8252545140163078
200,28,0.07167349732602601
200,29,0.5294908691584258
200,30,0.1949134346416732
