A,B,C
0,0,0.9612137526669415
0,1,0.7322846986400209
0,2,0.2670211567568652
0,3,0.503035098173333
0,4,0.783924625392296
0,5,0.980748601418181
0,6,0.050703363094404263
0,7,0.8197078998670045
0,8,0.23298024726662658
0,9,0.8693776553251313
0,10,0.776539484401845
0,11,0.9669498957763395
0,12,0.2001960609538015
0,13,0.3000452916027543
0,14,0.8078886880439765
0,15,0.9308463289045176
0,16,0.37195135929178336
0,17,0.32312579064136593
0,18,0.5458624704124899
0,19,0.3951964646355667
0,20,0.745120027180299
1,0,0.4796031619671107
1,1,0.4862847861453604
1,2,0.7553768318900713
1,3,0.35797337084380576
1,4,0.19801241050761265
1,5,0.2682171156367168
1,6,0.7185377401641244
1,7,0.46135775141527113
1,8,0.5692864086235273
1,9,0.998400083574918
1,10,0.44773825767747055
1,11,0.07227504061850787
1,12,0.3183920890013766
1,13,0.22311649836470615
1,14,0.6986904892623166
1,15,0.06447425640551474
1,16,0.7697940724980787
1,17,0.4725413445683593
1,18,0.22341651990347677
1,19,0.2197534838357068
1,20,0.3541303068847518
2,0,0.02877441326247443
2,1,0.9602368973779799
2,2,0.05759868797195822
2,3,0.056954231112898435
2,4,0.5684251853187843
2,5,0.581653940076849
2,6,0.012733044791645387
2,7,0.7815174580879319
2,8,0.19931967872928225
2,9,0.6110367814813465
2,10,0.1550779833164574
2,11,0.44738348620627844
2,12,0.013624364874978423
2,13,0.3991688788040827
2,14,0.8363754349335822
2,15,0.2526611548473925
2,16,0.4816102084623992
2,17,0.29749483120637277
2,18,0.21962089154857745
2,19,0.2849722745894475
2,20,0.14477539543113271
3,0,0.07766738991016497
3,1,0.5627837982261692
3,2,0.988547182159579
3,3,0.23506913836637888
3,4,0.04560574259395889
3,5,0.6700962519474236
3,6,0.3859085591670798
3,7,0.3327197934029438
3,8,0.986696705096011
3,9,0.3361544408456788
3,10,0.60517126520168
3,11,0.3409847459997042
3,12,0.7159553548400904
3,13,0.8678549607169618
3,14,0.9818197181667664
3,15,0.6367343361263954
3,16,0.27323855192575885
3,17,0.9681784461041978
3,18,0.8357549643155945
3,19,0.7937412419805125
3,20,0.8537400363432004
4,0,0.9858402462366963
4,1,0.2577426736643015
4,2,0.22950857269315272
4,3,0.34142497266890837
4,4,0.4601855877533423
4,5,0.9910295631780943
4,6,0.0834279693265535
4,7,0.26554729024574364
4,8,0.9262394937120384
4,9,0.6209507806878226
4,10,0.3302095614910032
4,11,0.24056462018124758
4,12,0.751476850782076
4,13,0.4607375147834726
4,14,0.4282984996151432
4,15,0.14941004378397926
4,16,0.19952521103019494
4,17,0.07673067868361416
4,18,0.07468062318136282
4,19,0.8530510045176075
4,20,0.5788198581011267
5,0,0.8436802964710962
5,1,0.30278874373161047
5,2,0.1859416754816554
5,3,0.9741124535326173
5,4,0.21682586770274825
5,5,0.9621370704568466
5,6,0.37159674489475336
5,7,0.04078967115917731
5,8,0.7289019727089721
5,9,0.9537168094535389
5,10,0.4969355804986003
5,11,0.3448096586019185
5,12,0.6038186286362554
5,13,0.6131266666329819
5,14,0.8533104095985604
5,15,0.34607032267661475
5,16,0.670343504506101
5,17,0.417832932303444
5,18,0.6347175318883305
5,19,0.6297843023882737
5,20,0.5672406751841336
6,0,0.6197386899898691
6,1,0.9266161633170812
6,2,0.2704824711698598
6,3,0.4016045670896864
6,4,0.49749425448400775
6,5,0.399329879144952
6,6,0.504765712802657
6,7,0.3865560682694279
6,8,0.8317597869012032
6,9,0.25048511969773535
6,10,0.3841271205412664
6,11,0.3066017045534202
6,12,0.9337807478469321
6,13,0.9492483760124819
6,14,0.4191303518179015
6,15,0.3311900278880253
6,16,0.3212975198046927
6,17,0.48239008582086984
6,18,0.4534976959745626
6,19,0.1611224102715787
6,20,0.8544316494091799
7,0,0.8326294136575851
7,1,0.7403259813331146
7,2,0.41481709842756065
7,3,0.7776871681239763
7,4,0.55324038622727
7,5,0.4700109697798418
7,6,0.053398795195406024
7,7,0.1307158676877458
7,8,0.06984552613019279
7,9,0.564519997049296
7,10,0.8873299514113077
7,11,0.6421316567199302
7,12,0.8331380981939309
7,13,0.8071034419581581
7,14,0.5350927677883196
7,15,0.9425694266896483
7,16,0.40649878313936405
7,17,0.48959328496778753
7,18,0.2754873922228682
7,19,0.25146996271518085
7,20,0.4919918555884478
8,0,0.3572955020623332
8,1,0.24107391686134305
8,2,0.840177624820953
8,3,0.38172856261661403
8,4,0.8270822058513139
8,5,0.9048710348594045
8,6,0.8278419375155963
8,7,0.8045011994142456
8,8,0.05437529377500605
8,9,0.09894885295757716
8,10,0.8946468797073884
8,11,0.5084249306681163
8,12,0.5756103144045479
8,13,0.3831066938316431
8,14,0.555460683394982
8,15,0.4769846763440858
8,16,0.2812055000570848
8,17,0.6386400275446527
8,18,0.6240115171625756
8,19,0.12707051180279527
8,20,0.04809748969189531
9,0,0.0385402001066012
9,1,0.16465609616889842
9,2,0.43835057000187816
9,3,0.771450316640287
9,4,0.10021765075583045
9,5,0.8898463975166806
9,6,0.39482506944396545
9,7,0.4571059082671617
9,8,0.7529707344990224
9,9,0.2136161943676007
9,10,0.6213784414753781
9,11,0.7320098032324672
9,12,0.40326374276935795
9,13,0.630538344242669
9,14,0.5209138907125824
9,15,0.1669918356073865
9,16,0.6793332792242007
9,17,0.9044605208438887
9,18,0.9700091548254347
9,19,0.20531892908796467
9,20,0.1033033507058404
10,0,0.7998777583755143
10,1,0.2685631537538087
10,2,0.9906357911640596
10,3,0.5677091144321389
10,4,0.6981168107589123
10,5,0.9400311703587609
10,6,0.1755544773785166
10,7,0.9638773412683381
10,8,0.8790752437251969
10,9,0.33841635788188185
10,10,0.25461167571247934
10,11,0.17307533444634382
10,12,0.003635054215733846
10,13,0.9681167613798567
10,14,0.34121925385435947
10,15,0.9152198040992258
10,16,0.8002145687038265
10,17,0.26465915018857755
10,18,0.25178467429536544
10,19,0.7656119192417795
10,20,0.8586805492238447
11,0,0.5815539690842739
11,1,0.7195773607260678
11,2,0.3293131296282773
11,3,0.4880057854340871
11,4,0.28154596307002167
11,5,0.20940857860225226
11,6,0.7363632553644995
11,7,0.9071163121011238
11,8,0.3538830963894041
11,9,0.6827197001355017
11,10,0.7321750466000229
11,11,0.1296431445029661
11,12,0.9494869446698231
11,13,0.5704849011089104
11,14,0.5366074157784948
11,15,0.393261843003783
11,16,0.7275228440110145
11,17,0.9076898754556562
11,18,0.47241880498196975
11,19,0.3363158111667216
11,20,0.9305090005252747
12,0,0.03657130412157772
12,1,0.6339752707523859
12,2,0.874644698174552
12,3,0.9216815871171641
12,4,0.004444464929090675
12,5,0.37362182475586214
12,6,0.9410794446706446
12,7,0.8557234153989552
12,8,0.005815272530839688
12,9,0.44117544927169416
12,10,0.629868187603129
12,11,0.6830743319230477
12,12,0.49981736104321006
12,13,0.04004557751600579
12,14,0.4100035228914759
12,15,0.7208226625057635
12,16,0.08915713693575011
12,17,0.38464416676288127
12,18,0.6165594051213111
12,19,0.371789889406955
12,20,0.4993238699903504
13,0,0.49728032244711573
13,1,0.15021054476651408
13,2,0.14441445836916667
13,3,0.7936750592462982
13,4,0.8129180702614334
13,5,0.8482307406914993
13,6,0.3740042578392331
13,7,0.8473828255843887
13,8,0.9442331968962525
13,9,0.33306200555708687
13,10,0.5517127442044915
13,11,0.06907020757095272
13,12,0.1756003470209363
13,13,0.8716937773588378
13,14,0.5982804456178029
13,15,0.540409025534764
13,16,0.6620640916365573
13,17,0.7843903404857225
13,18,0.35667134056917493
13,19,0.005119336389422524
13,20,0.4535075708352311
14,0,0.9910723863543316
14,1,0.9210066512085234
14,2,0.5707155130980925
14,3,0.8599252704892665
14,4,0.03409989543388037
14,5,0.46450584537729056
14,6,0.7987480688944925
14,7,0.6791408727983399
14,8,0.5062414556013209
14,9,0.6160294017300822
14,10,0.4002621910896984
14,11,0.3234231132736676
14,12,0.1784127578677699
14,13,0.6368423915887145
14,14,0.7586685782607926
14,15,0.9273164999607695
14,16,0.2241619620398001
14,17,0.09834880989865602
14,18,0.49728600174820636
14,19,0.23858993477889257
14,20,0.8499621892307341
15,0,0.7169882858889322
15,1,0.7360401033863714
15,2,0.191960648958992
15,3,0.80419658673227
15,4,0.03828684356043588
15,5,0.15890500901581328
15,6,0.7445152254871104
15,7,0.6557337904385986
15,8,0.471583128337987
15,9,0.014969415283401122
15,10,0.1557943578267621
15,11,0.6436855035718159
15,12,0.31210914715579596
15,13,0.8828806725976663
15,14,0.98113478617645
15,15,0.3305103860766292
15,16,0.5490784447085765
15,17,0.022490529404722737
15,18,0.025603548606090043
15,19,0.9397610504523392
15,20,0.2839120863419804
16,0,0.9292042216090888
16,1,0.04741257227411377
16,2,0.03896879546610876
16,3,0.3033151241395835
16,4,0.022726751911419152
16,5,0.8686883190801569
16,6,0.22688388360653222
16,7,0.8490446621844555
16,8,0.07271496865867988
16,9,0.4272835259417146
16,10,0.8562984451658571
16,11,0.5153960510685253
16,12,0.17961815623199362
16,13,0.29891310246287484
16,14,0.32781769964478413
16,15,0.11285131406539195
16,16,0.6278205412244401
16,17,0.47535245288042527
16,18,0.47373057670975216
16,19,0.2664614247933009
16,20,0.4280592170702049
17,0,0.9049179445024067
17,1,0.8651846727812775
17,2,0.1834697661753656
17,3,0.6899362562855437
17,4,0.6604532057485483
17,5,0.08461186172467827
17,6,0.9527807502555553
17,7,0.32166442003554885
17,8,0.2330355065934212
17,9,0.7737698671453981
17,10,0.45835827046346056
17,11,0.38198786574726407
17,12,0.5294017282801703
17,13,0.5883563456745715
17,14,0.18050123347741764
17,15,0.5303543873099907
17,16,0.8722811508613861
17,17,0.5383930456394096
17,18,0.38964678558217036
17,19,0.94938570935934
17,20,0.18594291853109435
18,0,0.22142150680935768
18,1,0.8372982630585539
18,2,0.013565313265990753
18,3,0.9374682908511787
18,4,0.46758789220065355
18,5,0.26590253798704455
18,6,0.696681024304749
18,7,0.9475692696244828
18,8,0.8953639074026712
18,9,0.93879302386571
18,10,0.9299043159571387
18,11,0.15367115396174447
18,12,0.3522810333457327
18,13,0.20504546075237629
18,14,0.8124942261980963
18,15,0.4175875349526883
18,16,0.39318559930940356
18,17,0.777908287647062
18,18,0.9389556422018709
18,19,0.8119231140012535
18,20,0.00784708899284392
19,0,0.3660704751220094
19,1,0.7768236035985646
19,2,0.5849161752588297
19,3,0.7374807101186168
19,4,0.7353716761735529
19,5,0.8371321659838786
19,6,0.8560704192260352
19,7,0.7471593554368332
19,8,0.6742526704686208
19,9,0.32652300173140525
19,10,0.21855404510865628
19,11,0.7349686278502795
19,12,0.12092446913953092
19,13,0.6727181301731637
19,14,0.27146959440530594
19,15,0.4307762912293098
19,16,0.36760249475106155
19,17,0.4981413010497229
19,18,0.5720351760776566
19,19,0.2362245797992113
19,20,0.9475663827620703
20,0,0.6281381205563208
20,1,0.4278707671262849
20,2,0.5665197782078095
20,3,0.24965024617659237
20,4,0.5034443825183736
20,5,0.6635505494060763
20,6,0.5556564833606663
20,7,0.9856699465074711
20,8,0.11467094738136374
20,9,0.6595011759930484
20,10,0.25797029798032256
20,11,0.8226931483650202
20,12,0.8766522220315212
20,13,0.8596855584812698
20,14,0.9226422843462713
20,15,0.09878525620664391
20,16,0.5137051685774977
20,17,0.9196069017134058
20,18,0.6249683718306831
20,19,0.9257984317778419
20,20,0.615740302600244
21,0,0.005658358082305748
21,1,0.6256948089399517
21,2,0.7451986751001136
21,3,0.888902768463236
21,4,0.39054812439450004
21,5,0.9986408322446257
21,6,0.34918690092187654
21,7,0.5801937652282506
21,8,0.7688502104068229
21,9,0.28936084095522185
21,10,0.04557168074698181
21,11,0.18600220352740993
21,12,0.3381985524854867
21,13,0.6674630875561022
21,14,0.33819509745566645
21,15,0.18338132479411706
21,16,0.9797221713734434
21,17,0.8092382319403221
21,18,0.5470829681013281
21,19,0.2216067314445509
21,20,0.8471577629773938
22,0,0.7027972938962114
22,1,0.8608315306426192
22,2,0.9971122642172019
22,3,0.7392291326244378
22,4,0.3697359495286596
22,5,0.7425793568540912
22,6,0.5653181573079518
22,7,0.8300080858743866
22,8,0.6680965238492664
22,9,0.5749336223205739
22,10,0.7078233174195273
22,11,0.5953507071914929
22,12,0.5107250105912713
22,13,0.6200296933130095
22,14,0.013551500425290519
22,15,0.8756181632205933
22,16,0.7837970517396676
22,17,0.4354390488686578
22,18,0.06455419284801245
22,19,0.10859665683053188
22,20,0.34269399725890426
23,0,0.2372269740064148
23,1,0.20714408519607752
23,2,0.021504538744014923
23,3,0.5014540771237056
23,4,0.03274965690892506
23,5,0.9020986375292432
23,6,0.012624938858388335
23,7,0.612583714422046
23,8,0.4333126669105878
23,9,0.05419097766173797
23,10,0.8969886456277965
23,11,0.8528430543187913
23,12,0.18864542866417022
23,13,0.5332130210242338
23,14,0.05210929354366611
23,15,0.5694780668243753
23,16,0.565571331033231
23,17,0.1585872683162085
23,18,0.8065543292391998
23,19,0.7516724250354153
23,20,0.09393004740760047
24,0,0.4557656834154403
24,1,0.453659702299387
24,2,0.7940895951148306
24,3,0.25603524031382896
24,4,0.43140911573110363
24,5,0.12260455262111924
24,6,0.8053625507831043
24,7,0.11434548654005627
24,8,0.9572879345269717
24,9,0.7216629303496552
24,10,0.9272451529348018
24,11,0.12656324279037345
24,12,0.6221582195090697
24,13,0.4385350054259153
24,14,0.1374309164139439
24,15,0.30820820615072986
24,16,0.41791667628969054
24,17,0.6157390724740254
24,18,0.6971497171456156
24,19,0.342714880660712
24,20,0.9903383298467708
25,0,0.8234685850947324
25,1,0.5063045502438861
25,2,0.011298739801735458
25,3,0.7670670279158901
25,4,0.5189553094486511
25,5,0.47103511452216906
25,6,0.5652322358070324
25,7,0.5355998786410054
25,8,0.40704338813422003
25,9,0.08010471940144193
25,10,0.6117136200143215
25,11,0.3263999438075955
25,12,0.724852633498194
25,13,0.4576953221563369
25,14,0.02443905083901221
25,15,0.7278595397061217
25,16,0.9043600414084302
25,17,0.34975780154875824
25,18,0.6066832261630735
25,19,0.23600846951444698
25,20,0.023769477466685007
26,0,0.28883335698666024
26,1,0.30807828213844735
26,2,0.8973415443285595
26,3,0.4790949720465305
26,4,0.6641670432446701
26,5,0.4385957350746781
26,6,0.9620049262233835
26,7,0.8369262203891297
26,8,0.3833399910076505
26,9,0.8256012716608518
26,10,0.3290932756584888
26,11,0.012371784222851012
26,12,0.8875781037296462
26,13,0.6394495971556426
26,14,0.6587432967574242
26,15,0.23848034261155193
26,16,0.8025172620409367
26,17,0.9165945253981819
26,18,0.929248957993572
26,19,0.9822723359964538
26,20,0.7116528624860371
27,0,0.8222968353790933
27,1,0.09818545950410484
27,2,0.671331507427701
27,3,0.7213140848295612
27,4,0.8840049493255316
27,5,0.4987014777862616
27,6,0.8310096375291374
27,7,0.18722100331949187
27,8,0.25186254563794386
27,9,0.025434566021549365
27,10,0.06580881917626669
27,11,0.018201547207775226
27,12,0.08741488387989171
27,13,0.2310505863598057
27,14,0.9144319169060269
27,15,0.40251903739301453
27,16,0.9772901722367597
27,17,0.9227816628080138
27,18,0.348553665449293
27,19,0.8368487767422275
27,20,0.34163199275387635
28,0,0.19147277890137648
28,1,0.18683712137316377
28,2,0.9329337459547982
28,3,0.3079773546972051
28,4,0.7460490703634375
28,5,0.12515110439715793
28,6,0.7054494878874126
28,7,0.9664124282608954
28,8,0.22243262053694113
28,9,0.5859604004363879
28,10,0.20303402563806483
28,11,0.37166059289261666
28,12,0.611819867234528
28,13,0.36360524082502155
28,14,0.2448730769355919
28,15,0.7064016834417074
28,16,0.12355098327504532
28,17,0.9350505294557033
28,18,0.25313159001391095
28,19,0.44687166254816213
28,20,0.7941949557156945
29,0,0.3566838405437892
29,1,0.9330609021207629
29,2,0.9717494939459789
29,3,0.9547236030773979
29,4,0.4239155495968956
29,5,0.49486703662762177
29,6,0.4378434386271367
29,7,0.7966537926974409
29,8,0.7298234792888262
29,9,0.17068443068433936
29,10,0.05143004372173765
29,11,0.07622407845358736
29,12,0.13658220190220838
29,13,0.0015275169038402314
29,14,0.7696560380000477
29,15,0.1851006950509827
29,16,0.565652947895939
29,17,0.31368214437597297
29,18,0.5544127732168397
29,19,0.31402789460742997
29,20,0.18218244695626595
30,0,0.40939700372864474
30,1,0.3251000987846464
30,2,0.2203160303180678
30,3,0.23637236859591426
30,4,0.4131730557732166
30,5,0.9678675391474578
30,6,0.4452528853736262
30,7,0.8255738095810968
30,8,0.1395086465851736
30,9,0.8971177375095379
30,10,0.39143788735722285
30,11,0.2905871097407332
30,12,0.11591042744620594
30,13,0.32247494291729417
30,14,0.24557948508838268
30,15,0.06533736577262028
30,16,0.31966205038704953
30,17,0.6170347016089445
30,18,0.7401418096842982
30,19,0.06740899101482811
30,20,0.6486006479694785
31,0,0.6463777935987329
31,1,0.4802534963495886
31,2,0.0986394393718345
31,3,0.0165533035820864
31,4,0.713566796544673
31,5,0.1063331435987156
31,6,0.6734877475824698
31,7,0.5264138225934064
31,8,0.11112029345462482
31,9,0.08029775694276442
31,10,0.5505000175785261
31,11,0.16922868376725275
31,12,0.657879710117717
31,13,0.21522798323114667
31,14,0.7953990844512223
31,15,0.9896679995951179
31,16,0.5116015603293962
31,17,0.199099638644474
31,18,0.08206908055244222
31,19,0.5667925898228318
31,20,0.4066173176392762
32,0,0.7113221144389569
32,1,0.39314084965453855
32,2,0.20247235211896197
32,3,0.1301914823663003
32,4,0.9960582572031531
32,5,0.9169397513583015
32,6,0.5879301852124547
32,7,0.6252225201199921
32,8,0.1469669906303278
32,9,0.10276127617202335
32,10,0.06473950014068164
32,11,0.20059292423649466
32,12,0.032300633644588905
32,13,0.6674339037877913
32,14,0.563766435345554
32,15,0.7328256165825798
32,16,0.8028734244746524
32,17,0.9589053341553948
32,18,0.13547361724905593
32,19,0.7928307780498153
32,20,0.6917797802921853
33,0,0.11097141763375817
33,1,0.9840312035759472
33,2,0.35456492743475876
33,3,0.015567241488545935
33,4,0.6628187723019755
33,5,0.4860082985303311
33,6,0.455996452719024
33,7,0.24598590694460598
33,8,0.1571604193978987
33,9,0.5549807144016663
33,10,0.26964538312115593
33,11,0.5985546022062476
33,12,0.6443149444808237
33,13,0.1386991215720612
33,14,0.7552323975994887
33,15,0.48541596286498045
33,16,0.891711896032155
33,17,0.12490992744196261
33,18,0.7538328371388328
33,19,0.698122222645405
33,20,0.2528314096113
34,0,0.12318717874980167
34,1,0.9397306847643925
34,2,0.02370087137820831
34,3,0.5923384387554157
34,4,0.5064854970950144
34,5,0.4562386567575467
34,6,0.4205105024343814
34,7,0.21092557012662116
34,8,0.9922760022547937
34,9,0.09280189438922204
34,10,0.061942747661613784
34,11,0.40717610595378073
34,12,0.7282779380449709
34,13,0.9174075720251098
34,14,0.30646326660775314
34,15,0.21999849225923296
34,16,0.3335410479969606
34,17,0.6867162246420672
34,18,0.6089557613903782
34,19,0.25893019389932304
34,20,0.08951819265010141
35,0,0.2515412472489226
35,1,0.5541217400995031
35,2,0.479899290660756
35,3,0.4973739325839518
35,4,0.9407465846664111
35,5,0.40957908104350704
35,6,0.527524673440746
35,7,0.4421207032256149
35,8,0.9233595047263164
35,9,0.07410780308275244
35,10,0.47954134024698425
35,11,0.7460054978650481
35,12,0.26592909829509515
35,13,0.6410546719922707
35,14,0.1463016370715906
35,15,0.6575313658253306
35,16,0.9622895697465308
35,17,0.8275896981559445
35,18,0.6868365955276048
35,19,0.4045899030601735
35,20,0.8264695909365987
36,0,0.47391867610428895
36,1,0.888362068441605
36,2,0.021302346483616397
36,3,0.8338336568625533
36,4,0.7754570867195077
36,5,0.40032433803987144
36,6,0.9069321207130747
36,7,0.6779366918213539
36,8,0.7370125889798795
36,9,0.8370912445637424
36,10,0.9898676583427308
36,11,0.11342888725281175
36,12,0.503828250174364
36,13,0.19322488592890497
36,14,0.9688150485830517
36,15,0.8577637566803105
36,16,0.8254312007621759
36,17,0.7905148642804739
36,18,0.09417938565235906
36,19,0.6499956698189618
36,20,0.012077752852815204
37,0,0.36261758150208845
37,1,0.6550057927989891
37,2,0.7332065453533272
37,3,0.9055523897539587
37,4,0.01999477347685097
37,5,0.6591910416099482
37,6,0.37787449835342235
37,7,0.09550295742654347
37,8,0.7672090325700145
37,9,0.8515166564541585
37,10,0.23876785444031767
37,11,0.6802356355681072
37,12,0.9089398180160342
37,13,0.7416556276638594
37,14,0.44315416858747825
37,15,0.4902934211953154
37,16,0.46918322718610905
37,17,0.47723861395613
37,18,0.9361794134260267
37,19,0.888471124913831
37,20,0.43176856871273905
38,0,0.5395409105180929
38,1,0.5038396240641729
38,2,0.7871206174378806
38,3,0.6934077962929215
38,4,0.8949873046886659
38,5,0.32486961072971654
38,6,0.6304805775773493
38,7,0.06613918616979286
38,8,0.4961723217141405
38,9,0.8502746837781414
38,10,0.5707749687803431
38,11,0.20807845781343126
38,12,0.35096178127034827
38,13,0.3399133403304969
38,14,0.7657015690995713
38,15,0.5492790316657082
38,16,0.09503608270365504
38,17,0.9721492807745639
38,18,0.8495333734381683
38,19,0.8881425817839359
38,20,0.19231524212820172
39,0,0.2910320172016705
39,1,0.7923422456478215
39,2,0.17032653090198413
39,3,0.4793638774912893
39,4,0.4308300234800737
39,5,0.8885667869583695
39,6,0.4816998156136906
39,7,0.6371517182326104
39,8,0.24201854145944612
39,9,0.9802005245272787
39,10,0.6110348515155583
39,11,0.5045526666495859
39,12,0.9030664076804457
39,13,0.5142783202496323
39,14,0.462037243375785
39,15,0.23270816265549377
39,16,0.752439002008841
39,17,0.8111457850296182
39,18,0.0038956433382091316
39,19,0.15239889810492768
39,20,0.251825394135625
40,0,0.9979204056141808
40,1,0.2012992696100787
40,2,0.5329511991752961
40,3,0.83406602637211
40,4,0.3865698621963587
40,5,0.5865556430024066
40,6,0.6150375007404558
40,7,0.27123126789945484
40,8,0.28509854628060893
40,9,0.10240462005290651
40,10,0.21655210258669122
40,11,0.02634810465568882
40,12,0.8950990719683806
40,13,0.8819049447095162
40,14,0.7236870753067288
40,15,0.5843591689717107
40,16,0.4538636469760936
40,17,0.41533069683970025
40,18,0.9485806185975787
40,19,0.45423249724280956
40,20,0.7603876157859915
41,0,0.2520486657138229
41,1,0.1881115693238956
41,2,0.29921596433795383
41,3,0.5177726161060989
41,4,0.280884915604939
41,5,0.7543781578457445
41,6,0.7162702263797034
41,7,0.041727797035139846
41,8,0.6338248811605351
41,9,0.6061854343682666
41,10,0.8920736195884118
41,11,0.16838748296071504
41,12,0.10512369372354013
41,13,0.5779774087970655
41,14,0.836167682363865
41,15,0.15312106717705087
41,16,0.181991377819675
41,17,0.02646107659143071
41,18,0.9877563649686553
41,19,0.0505075704270711
41,20,0.27110947799976426
42,0,0.5325729829597422
42,1,0.44343916384520743
42,2,0.9755060513810581
42,3,0.895345514749321
42,4,0.11045911205165548
42,5,0.05859623604948683
42,6,0.872113979890116
42,7,0.3864857394702196
42,8,0.4808391216116229
42,9,0.27578346884980787
42,10,0.3076508387803062
42,11,0.5211959151579706
42,12,0.5383291253338458
42,13,0.2294007949103346
42,14,0.25477695410731893
42,15,0.15098873030642013
42,16,0.5969112887916519
42,17,0.2035914930720698
42,18,0.4644799909376469
42,19,0.04263725780028971
42,20,0.17345878473700027
43,0,0.009355041955378396
43,1,0.9816019899397822
43,2,0.24895262022000075
43,3,0.9463236614511408
43,4,0.634173517074262
43,5,0.5933780867243321
43,6,0.9083092548856619
43,7,0.742825609135296
43,8,0.2541511591717921
43,9,0.8319388439425891
43,10,0.43878817889480903
43,11,0.974381296603914
43,12,0.6841307346287129
43,13,0.5020220275849441
43,14,0.14597747314212994
43,15,0.4903536246685313
43,16,0.9327949044407258
43,17,0.02141364710224314
43,18,0.3092139922699183
43,19,0.6285875101172735
43,20,0.3420541954498366
44,0,0.3828751826882749
44,1,0.9549898368667269
44,2,0.4602122358499253
44,3,0.21080921501794936
44,4,0.6742701931796288
44,5,0.7934788409210791
44,6,0.006163084195978552
44,7,0.1674062217860639
44,8,0.10040666716835778
44,9,0.7138034687136875
44,10,0.44625516659068354
44,11,0.3952276844535847
44,12,0.3093076256246746
44,13,0.20754364207268072
44,14,0.38109496565402734
44,15,0.2779368511213588
44,16,0.23662222975637748
44,17,0.44028279618895416
44,18,0.8890798327567001
44,19,0.43593854049169045
44,20,0.4307815138454808
45,0,0.016485499830084627
45,1,0.8437274472663159
45,2,0.17301572777929974
45,3,0.7721459568614871
45,4,0.2745713014690224
45,5,0.17316150165629474
45,6,0.363333706910664
45,7,0.9327349043434675
45,8,0.5500514134958809
45,9,0.448384536224121
45,10,0.9517123521480665
45,11,0.14556795263002853
45,12,0.3530873483773457
45,13,0.047001438095437664
45,14,0.5404442191174992
45,15,0.6529887595960373
45,16,0.5094357576709345
45,17,0.25798442582564574
45,18,0.8759913817170872
45,19,0.5206877582834212
45,20,0.2654563977855664
46,0,0.6075040801223492
46,1,0.7515501129913442
46,2,0.2503419341385734
46,3,0.9305096646915805
46,4,0.4027576173867794
46,5,0.728398659213494
46,6,0.006692836203067487
46,7,0.21054367832407184
46,8,0.33911555708443275
46,9,0.4851831770295221
46,10,0.20575640784727778
46,11,0.3768403480485255
46,12,0.3206108351903989
46,13,0.6761812742883414
46,14,0.2819678123839744
46,15,0.26850956191920783
46,16,0.5738715770921393
46,17,0.9382886116642352
46,18,0.7059515747332374
46,19,0.8048655929098695
46,20,0.3466709402264888
47,0,0.6838673140589626
47,1,0.9945985206662024
47,2,0.6628121297057601
47,3,0.7360983034135343
47,4,0.10475185389410924
47,5,0.7468982007095618
47,6,0.21713919399899395
47,7,0.8242244575624643
47,8,0.14109537304115072
47,9,0.7019413341866584
47,10,0.1464113396989254
47,11,0.8251051456462886
47,12,0.22089693672742716
47,13,0.32214285689061706
47,14,0.3891520911637213
47,15,0.8444956873803153
47,16,0.35357092437123694
47,17,0.1700462003073131
47,18,0.8100859771907776
47,19,0.4876683394191711
47,20,0.400910860542565
48,0,0.4483915530600281
48,1,0.18644215681969456
48,2,0.05200662044324267
48,3,0.21993092009722703
48,4,0.8121705900744853
48,5,0.8189497185102814
48,6,0.010032730126615652
48,7,0.2297321424615718
48,8,0.9874769252070745
48,9,0.15885815966872063
48,10,0.405680937965447
48,11,0.9130459074716497
48,12,0.4905851073031403
48,13,0.2030457364340763
48,14,0.22863711911221318
48,15,0.9407194116518588
48,16,0.1380144153803997
48,17,0.5745221276587817
48,18,0.2599534531080253
48,19,0.23896443240427612
48,20,0.7946951869591368
49,0,0.3203187441148494
49,1,0.2253121127404778
49,2,0.2788935799298835
49,3,0.3972458763636503
49,4,0.021549804581554644
49,5,0.20943606702569173
49,6,0.005403802259226653
49,7,0.6431131102428653
49,8,0.629756945282343
49,9,0.6269902819638827
49,10,0.04699958206149668
49,11,0.890203733533289
49,12,0.4957362124116761
49,13,0.7157167194100538
49,14,0.7905992438164227
49,15,0.5894683002476108
49,16,0.8987219853446964
49,17,0.3558404577915735
49,18,0.16293295209848524
49,19,0.9288396196232196
49,20,0.257015096247846
50,0,0.11354925731097332
50,1,0.9413805984175174
50,2,0.6597786382012799
50,3,0.541170142927298
50,4,0.494418296298605
50,5,0.6599529500319954
50,6,0.1561202234787351
50,7,0.7524309586398856
50,8,0.9770227812608262
50,9,0.6595668957409038
50,10,0.07010703728059453
50,11,0.004618688152413508
50,12,0.332273569594449
50,13,0.5897650848761847
50,14,0.20632002639488212
50,15,0.7970314292310524
50,16,0.25558722530660805
50,17,0.6371253885284336
50,18,0.7974490637089634
50,19,0.22641667990382874
50,20,0.9160059368985868
51,0,0.19759775807067081
51,1,0.15858398877802093
51,2,0.10376080429760826
51,3,0.0546461449670812
51,4,0.5528131317806922
51,5,0.1255256573787742
51,6,0.8773028542020535
51,7,0.038135846616052294
51,8,0.7160861310148343
51,9,0.8284696043379823
51,10,0.9942134436967174
51,11,0.8502413130969843
51,12,0.7124024175347944
51,13,0.7081092554470921
51,14,0.12842027485226226
51,15,0.16684898395166736
51,16,0.7527981350240389
51,17,0.058285437885338576
51,18,0.8388931155639721
51,19,0.7877571049901887
51,20,0.44504839799127793
52,0,0.48043624339077795
52,1,0.8960445096670864
52,2,0.07803214214604925
52,3,0.6958868772738742
52,4,0.6993734405065896
52,5,0.9687313676584511
52,6,0.9273022182329134
52,7,0.678170655526176
52,8,0.5123854089001177
52,9,0.7295031841090494
52,10,0.13309570540549265
52,11,0.2702958050543508
52,12,0.07917098745019613
52,13,0.11304981026066485
52,14,0.8812775245071697
52,15,0.6068302973010765
52,16,0.6455307347521703
52,17,0.45281297197836234
52,18,0.12793220358423107
52,19,0.40824571316428304
52,20,0.4942279429824209
53,0,0.10156786294384534
53,1,0.5216133022959774
53,2,0.06629933822016731
53,3,0.251673804942246
53,4,0.6062628209835839
53,5,0.7854812841917416
53,6,0.9292945441516334
53,7,0.06938012256925175
53,8,0.9844162053619706
53,9,0.15384851623955276
53,10,0.921300909735733
53,11,0.6368718889669954
53,12,0.8988697632876835
53,13,0.9317406839535097
53,14,0.35696648137988674
53,15,0.9532691548271723
53,16,0.4288919559017622
53,17,0.8766688594274658
53,18,0.8695945737259322
53,19,0.8441106787011168
53,20,0.6630025470167932
54,0,0.26785891537327866
54,1,0.44615831104266146
54,2,0.5913628392454279
54,3,0.29615442657030633
54,4,0.3398554120727266
54,5,0.3822618159157328
54,6,0.23858395335612526
54,7,0.5747062226631967
54,8,0.443251985930202
54,9,0.11090515601610107
54,10,0.320748761529535
54,11,0.5153730479640615
54,12,0.09130628993066203
54,13,0.2913235244120236
54,14,0.3569336290607149
54,15,0.9818241235597016
54,16,0.1759039014502184
54,17,0.2846182673741666
54,18,0.6871204845441152
54,19,0.5584206268333213
54,20,0.788302782160365
55,0,0.4999593586390878
55,1,0.7080592601084356
55,2,0.6882613286791547
55,3,0.6988681921962985
55,4,0.6219342916836075
55,5,0.6760922002592352
55,6,0.8519597896500122
55,7,0.9311024563191049
55,8,0.8136894595110513
55,9,0.7189359899892241
55,10,0.21251419687174833
55,11,0.42704204576461313
55,12,0.37873885927811823
55,13,0.40619961156482953
55,14,0.5097468225867572
55,15,0.47102996253562424
55,16,0.9704748096006313
55,17,0.9587314388446218
55,18,0.9759933911474962
55,19,0.8995561638150014
55,20,0.40425247832086053
56,0,0.6825189832910077
56,1,0.29223213787915003
56,2,0.8232252404128113
56,3,0.2669910793668252
56,4,0.04042707239492571
56,5,0.15224159359198608
56,6,0.06876982627182571
56,7,0.926370399774181
56,8,0.021030053457757214
56,9,0.8721741256285379
56,10,0.8629295654849044
56,11,0.19116437899801542
56,12,0.07861055170350262
56,13,0.620174550028278
56,14,0.5852036596812775
56,15,0.7731321121649337
56,16,0.5971046590844454
56,17,0.2676547877615868
56,18,0.39545263657516816
56,19,0.5308150594936775
56,20,0.2793932489556209
57,0,0.9113817287475973
57,1,0.24637575523069644
57,2,0.09276462979124278
57,3,0.787524017083089
57,4,0.7157407478708258
57,5,0.850046776846077
57,6,0.18264006761057305
57,7,0.28318088090834037
57,8,0.37484448004295656
57,9,0.16798673376991902
57,10,0.8103248327276761
57,11,0.9777007268025409
57,12,0.5190903291089491
57,13,0.08148246804297221
57,14,0.9034681609092987
57,15,0.6047457285176864
57,16,0.7363462197899455
57,17,0.13646200328042746
57,18,0.45257514058695036
57,19,0.02168699937414964
57,20,0.7846739700935014
58,0,0.2756570171839584
58,1,0.5666835162838838
58,2,0.8816183483450537
58,3,0.5637977952272271
58,4,0.2945688272542851
58,5,0.5591842188572458
58,6,0.8438302752002608
58,7,0.37656290629598466
58,8,0.051091572885391234
58,9,0.1037050669482702
58,10,0.3883125568476594
58,11,0.7293587005306021
58,12,0.2803549280206361
58,13,0.4962412953533575
58,14,0.6812997814218477
58,15,0.7536765797969682
58,16,0.6443292956476127
58,17,0.48833804436868655
58,18,0.19807903845626862
58,19,0.019996289226779318
58,20,0.93007944115171
59,0,0.412746013268974
59,1,0.9032296926441246
59,2,0.3572336419148092
59,3,0.8344723060446816
59,4,0.388068804644906
59,5,0.9760255687839249
59,6,0.3959578446814599
59,7,0.9391689394488908
59,8,0.6579198377337788
59,9,0.26159197585298777
59,10,0.42436534263221903
59,11,0.48750156668792166
59,12,0.2350457520007906
59,13,0.2555420491682512
59,14,0.11303380775946814
59,15,0.7543312401347889
59,16,0.12422081288191533
59,17,0.9249419031124136
59,18,0.45215157659788985
59,19,0.2132693289881561
59,20,0.10245477433405037
60,0,0.24213729327473832
60,1,0.6083721588339336
60,2,0.21130107042015944
60,3,0.7878083242840775
60,4,0.1798380979291173
60,5,0.6000427676906829
60,6,0.5925589971004013
60,7,0.44360534193393475
60,8,0.1724720105330917
60,9,0.28333829408832
60,10,0.4113271248961865
60,11,0.8471875706048927
60,12,0.9378143548904372
60,13,0.31527265884303635
60,14,0.15232335054196422
60,15,0.027549655516595828
60,16,0.10350718936966963
60,17,0.4979590895300351
60,18,0.8303201840400942
60,19,0.3183529897211651
60,20,0.4853244030385896
61,0,0.8796011742154805
61,1,0.4807708799595045
61,2,0.45987153927793645
61,3,0.6356238905836491
61,4,0.3847381431563761
61,5,0.7611862972416491
61,6,0.09808430488904385
61,7,0.9282083122183129
61,8,0.7635267316985701
61,9,0.594827546769386
61,10,0.8385894722039555
61,11,0.6710936418883913
61,12,0.6299745322338208
61,13,0.8277607278327513
61,14,0.03511036879434637
61,15,0.5962624364726099
61,16,0.8153742842911451
61,17,0.860216832281616
61,18,0.04883593018446375
61,19,0.9313434908524225
61,20,0.9242954211682575
62,0,0.7314242580204499
62,1,0.5712727422322952
62,2,0.1587896562730441
62,3,0.26361315907180605
62,4,0.44445196772782036
62,5,0.7655218085736603
62,6,0.4837842077165061
62,7,0.4524339686603306
62,8,0.6317408312466308
62,9,0.43404789474535
62,10,0.438721126241837
62,11,0.14096553561892677
62,12,0.24287002861822993
62,13,0.17558803508381204
62,14,0.6977960814448755
62,15,0.1398163367235301
62,16,0.11603654841785138
62,17,0.8906357733654329
62,18,0.13360657470564075
62,19,0.8136372164296847
62,20,0.36976652205935145
63,0,0.775818246550357
63,1,0.5796733558294068
63,2,0.4810297198745066
63,3,0.13054970586670422
63,4,0.4374340252087143
63,5,0.8819547726634388
63,6,0.46649035074452394
63,7,0.7486235624593239
63,8,0.9506171494259176
63,9,0.03385993404352894
63,10,0.41228495353999584
63,11,0.17185368617249086
63,12,0.8891002423970191
63,13,0.3069260085932105
63,14,0.9615827658613196
63,15,0.19002222658195045
63,16,0.9283268527203807
63,17,0.21022894873813613
63,18,0.7599066901562739
63,19,0.10391186134055053
63,20,0.9384180884330509
64,0,0.22809939503059273
64,1,0.32648213657492153
64,2,0.6577391770037182
64,3,0.02803283504982057
64,4,0.23228443626266693
64,5,0.5829766199138754
64,6,0.7104474411835459
64,7,0.9877481252295057
64,8,0.7854256258215085
64,9,0.7998075673007491
64,10,0.3728191754886315
64,11,0.9479157351861419
64,12,0.5042750893082499
64,13,0.6919193446501619
64,14,0.733287394387368
64,15,0.12280539567713267
64,16,0.29059718462837103
64,17,0.6176663221874857
64,18,0.9513039284556031
64,19,0.3535835596793214
64,20,0.6628775420703912
65,0,0.7016453849059516
65,1,0.37044738048793724
65,2,0.7131157056046395
65,3,0.9177843466956825
65,4,0.42510552344570973
65,5,0.8412672361069305
65,6,0.7729561308495582
65,7,0.7940708570859172
65,8,0.14410685154890757
65,9,0.16360116632479516
65,10,0.34545448648879573
65,11,0.2659775998607048
65,12,0.7338178556599144
65,13,0.880877419193676
65,14,0.6618960239678667
65,15,0.22387684953189246
65,16,0.1782473133055169
65,17,0.8805346498925157
65,18,0.4715265587084658
65,19,0.21502182700383132
65,20,0.2746708701656261
66,0,0.08442200028742364
66,1,0.2644408565737636
66,2,0.5974958013740157
66,3,0.8556829597970923
66,4,0.7726407715403527
66,5,0.4032047119560923
66,6,0.5737224701836985
66,7,0.2241591584877869
66,8,0.5629304662428066
66,9,0.9402208596784798
66,10,0.47719414774926583
66,11,0.35204923300329416
66,12,0.2601645902635047
66,13,0.23270272008735637
66,14,0.5162358373760216
66,15,0.8930287363792494
66,16,0.7445246003083318
66,17,0.4352288331820594
66,18,0.4177093343683004
66,19,0.8060887403455496
66,20,0.8109799390600827
67,0,0.5781439748553469
67,1,0.011587337339216686
67,2,0.6313229734528762
67,3,0.25834281124559155
67,4,0.7189204481775524
67,5,0.3174307970691742
67,6,0.9381351823802188
67,7,0.5990829037058825
67,8,0.16333589611399746
67,9,0.8454590989035295
67,10,0.21572999714899765
67,11,0.1982046673393011
67,12,0.2896856499246737
67,13,0.8540862271141177
67,14,0.6723797877395414
67,15,0.4286177677728349
67,16,0.3606328648476945
67,17,0.20878594075732693
67,18,0.4534725497158901
67,19,0.1395390765355825
67,20,0.39344435749101525
68,0,0.4806326161595116
68,1,0.894973599567735
68,2,0.11587547677923404
68,3,0.43391438772896573
68,4,0.4157434522562502
68,5,0.5823590484781721
68,6,0.1677845383996157
68,7,0.8436969908293958
68,8,0.595557005136177
68,9,0.9548833131497582
68,10,0.197082114850735
68,11,0.8088626096224878
68,12,0.6066928871981693
68,13,0.13599201669016348
68,14,0.40940729951616106
68,15,0.015815136664775298
68,16,0.6088602877583554
68,17,0.5293615891236322
68,18,0.33513520590804424
68,19,0.5510861391603833
68,20,0.6228402258231452
69,0,0.965967977649167
69,1,0.6701965917273145
69,2,0.9305612370562644
69,3,0.5507617843754725
69,4,0.2751129697967615
69,5,0.7534300691215892
69,6,0.08011665911375987
69,7,0.019973279445560377
69,8,0.2999144690212959
69,9,0.5809008637079661
69,10,0.19222321091403027
69,11,0.8527526406211177
69,12,0.040326782009756146
69,13,0.6546270313263313
69,14,0.5605356680137218
69,15,0.6285723431857966
69,16,0.41730952982227176
69,17,0.9924094271629904
69,18,0.9683122411985893
69,19,0.49633849895148163
69,20,0.9810171668116846
70,0,0.336184543003218
70,1,0.5385109617005723
70,2,0.8431789205867857
70,3,0.45211716168204585
70,4,0.445159641784591
70,5,0.9208617628932522
70,6,0.7514677279945632
70,7,0.6900658851108816
70,8,0.5339048069304111
70,9,0.19375813681920773
70,10,0.4118928631823283
70,11,0.55011912533987
70,12,0.11365526932248204
70,13,0.3806911933473589
70,14,0.9965607979541203
70,15,0.14561104978553496
70,16,0.8665468217570405
70,17,0.6354479971451541
70,18,0.7789623031752732
70,19,0.2533398689697618
70,20,0.5717857427302631
71,0,0.26649371938263033
71,1,0.2260978207171801
71,2,0.3153255647697122
71,3,0.6407286669600278
71,4,0.9881636452541196
71,5,0.07747406582035787
71,6,0.27481706218409496
71,7,0.40723317510673784
71,8,0.9895354402807315
71,9,0.4674885365565148
71,10,0.19723502165037932
71,11,0.2334839709879597
71,12,0.5569322852593791
71,13,0.34343968416093273
71,14,0.9299504318407829
71,15,0.789401297683896
71,16,0.1345446703637343
71,17,0.9971746484378146
71,18,0.26814038168578314
71,19,0.1957687570436465
71,20,0.9061675239328835
72,0,0.8296384242813564
72,1,0.2104705894046962
72,2,0.9960612955167979
72,3,0.7859726002683977
72,4,0.10556598848536625
72,5,0.07651969304859219
72,6,0.7092781102225939
72,7,0.6061447669464058
72,8,0.17689835839212764
72,9,0.06552603956359238
72,10,0.7252917331628727
72,11,0.4306045010059778
72,12,0.6508648299317915
72,13,0.6665552120002132
72,14,0.8314580937002881
72,15,0.8474324851866645
72,16,0.18775175800005128
72,17,0.2399437466972678
72,18,0.48466218658863347
72,19,0.9027017719942296
72,20,0.19163190346502335
73,0,0.6666461715628749
73,1,0.2620787125050781
73,2,0.8248041646091129
73,3,0.8798913901743217
73,4,0.2543974909403217
73,5,0.20291546716088416
73,6,0.05283664026097212
73,7,0.8912370929403387
73,8,0.13827919194636673
73,9,0.2664831632667738
73,10,0.2750916004855275
73,11,0.8581675249128784
73,12,0.5478993481898963
73,13,0.14557232651282093
73,14,0.9344503344104401
73,15,0.26898468576722323
73,16,0.8243476308377319
73,17,0.9262644770355608
73,18,0.8947835152977307
73,19,0.7353934877617376
73,20,0.07530223169969885
74,0,0.322214739515549
74,1,0.5645580081946855
74,2,0.5532867901024945
74,3,0.8035412048690231
74,4,0.6939137258150359
74,5,0.10649451500443752
74,6,0.9111231078747434
74,7,0.3298879241749586
74,8,0.9613760447234954
74,9,0.014971437805180843
74,10,0.2526925602530541
74,11,0.9728860147248838
74,12,0.7633117339086595
74,13,0.651001344708916
74,14,0.7794444093052179
74,15,0.5178093216665483
74,16,0.5536315009618905
74,17,0.7853900904380732
74,18,0.5907507921397237
74,19,0.39567396357266205
74,20,0.22897641508177913
75,0,0.50917282677755
75,1,0.07611994079750084
75,2,0.2583123647682778
75,3,0.1306409254305262
75,4,0.3759180753341427
75,5,0.2640184947935872
75,6,0.8500057525321547
75,7,0.1795469282479133
75,8,0.02257276240890027
75,9,0.7180160154435303
75,10,0.9009076121240006
75,11,0.42406171365143963
75,12,0.05765357926105641
75,13,0.11376919904289273
75,14,0.9877118577071283
75,15,0.9987097485073984
75,16,0.03452195357219867
75,17,0.9964822820778864
75,18,0.6313250735998043
75,19,0.9751640843631881
75,20,0.4896003544023254
76,0,0.5008026081867548
76,1,0.8274503756470933
76,2,0.060644946482335094
76,3,0.9925681009427473
76,4,0.5009028038041002
76,5,0.9136814619242547
76,6,0.5590255198528198
76,7,0.6080041765576444
76,8,0.6428206124752371
76,9,0.2498633076556137
76,10,0.9194665708633072
76,11,0.33650405811466744
76,12,0.6946952266565322
76,13,0.19199056611832677
76,14,0.7452107444933741
76,15,0.3498407123428976
76,16,0.7201115982199364
76,17,0.5584094215916852
76,18,0.7995539589150551
76,19,0.47512014770681277
76,20,0.42603529021848163
77,0,0.5044938799790856
77,1,0.45767764432499813
77,2,0.9381623814430768
77,3,0.8853153395339401
77,4,0.981047097293428
77,5,0.02412817859793659
77,6,0.360497832196256
77,7,0.6695754984090555
77,8,0.7073205162329481
77,9,0.7623243253184846
77,10,0.418620769808952
77,11,0.6557272675585418
77,12,0.31108457415376867
77,13,0.13186575787529609
77,14,0.18015074000545073
77,15,0.14286910725724633
77,16,0.1784875405752353
77,17,0.9932198245342112
77,18,0.7513508482957149
77,19,0.4578393014762523
77,20,0.850385449445728
78,0,0.5453196457835172
78,1,0.504384693274565
78,2,0.39922695588092616
78,3,0.24623481131489888
78,4,0.6274161035847026
78,5,0.1926819470935196
78,6,0.09938759473936742
78,7,0.5561498450525184
78,8,0.4410276965058606
78,9,0.2637851525342986
78,10,0.5460123771893477
78,11,0.3160171149907831
78,12,0.4312216359707972
78,13,0.45018616044286586
78,14,0.3768351109129129
78,15,0.38201312401653675
78,16,0.6782845463622389
78,17,0.9270270500556614
78,18,0.5276599101438292
78,19,0.47496279582094936
78,20,0.9362937591505499
79,0,0.3689336260346783
79,1,0.16939115115352132
79,2,0.11141566718340812
79,3,0.12035243874046953
79,4,0.3202029573643643
79,5,0.3508400449110126
79,6,0.011428635731828396
79,7,0.5483310414008707
79,8,0.7846021977506573
79,9,0.4730181188104867
79,10,0.5652903809085298
79,11,0.3669183443277352
79,12,0.10752342375547952
79,13,0.3833453998655233
79,14,0.3292016413515352
79,15,0.28726602121357303
79,16,0.8742324821046312
79,17,0.42961950634249657
79,18,0.15885781097023555
79,19,0.6253660391682768
79,20,0.9558174657465422
80,0,0.9279998284004994
80,1,0.5682616465801966
80,2,0.2447674258612268
80,3,0.5972964266245562
80,4,0.31882241816588364
80,5,0.17042089217265866
80,6,0.8653603586175156
80,7,0.896994803512791
80,8,0.6973518909571174
80,9,0.895910765876249
80,10,0.7587530831724645
80,11,0.7234990675553417
80,12,0.5967862053769544
80,13,0.17409052454149476
80,14,0.04514014836013491
80,15,0.43723923757636163
80,16,0.1789520438256358
80,17,0.3574825089222109
80,18,0.10791006731760189
80,19,0.8089610869337743
80,20,0.7746527422443812
81,0,0.3560634182876956
81,1,0.9063612184286143
81,2,0.6916357084651642
81,3,0.31381945306266834
81,4,0.44264385335880363
81,5,0.23974467473562433
81,6,0.5794531710594534
81,7,0.8187768749560708
81,8,0.0740343720025376
81,9,0.5815180313025622
81,10,0.862151675720142
81,11,0.06544356156374787
81,12,0.8200091116691501
81,13,0.7204437777801534
81,14,0.5937113023700797
81,15,0.9973734889249893
81,16,0.7922962187098027
81,17,0.33169659714418753
81,18,0.5865810150195154
81,19,0.9364111786708558
81,20,0.8183350306021939
82,0,0.8836658532965721
82,1,0.5121926544807132
82,2,0.052112852711842406
82,3,0.20419053122646214
82,4,0.8199838853813997
82,5,0.08839750108460753
82,6,0.10367221018295592
82,7,0.9819288424878965
82,8,0.9015670415550358
82,9,0.27148154025126814
82,10,0.13912532419027135
82,11,0.7664897069840166
82,12,0.44194793013809774
82,13,0.45414004589444246
82,14,0.19637032084682693
82,15,0.9913338036844017
82,16,0.7818980211243309
82,17,0.992584254320886
82,18,0.36326151942387075
82,19,0.6179939118267537
82,20,0.3091504243376868
83,0,0.7753646143368881
83,1,0.7220956434242543
83,2,0.6228885723367436
83,3,0.32290569466560126
83,4,0.15599699800163414
83,5,0.07123620985249968
83,6,0.7174199738742241
83,7,0.6087455737943454
83,8,0.21902375318299228
83,9,0.10297908129322952
83,10,0.5768040527285715
83,11,0.9256015995109946
83,12,0.10458788140246
83,13,0.8839567341211109
83,14,0.9750859634269826
83,15,0.03951453370927238
83,16,0.3098513941206673
83,17,0.05286177425916638
83,18,0.13855936689919257
83,19,0.30628639519928447
83,20,0.267861479659219
84,0,0.7544579909801384
84,1,0.059974533126219365
84,2,0.2922278830127071
84,3,0.4813843359952579
84,4,0.648077082261248
84,5,0.16214023030992653
84,6,0.9119236644730893
84,7,0.897641129544962
84,8,0.5695270454247814
84,9,0.7389652327777954
84,10,0.9624112559609854
84,11,0.7594689925116606
84,12,0.8262181595080794
84,13,0.3446474722609113
84,14,0.5123265273829718
84,15,0.3833924535631589
84,16,0.6464289657349976
84,17,0.24202617808155824
84,18,0.7031403704689689
84,19,0.15543543023414208
84,20,0.4965376428474626
85,0,0.259664353252298
85,1,0.5417436464255473
85,2,0.4718694962397494
85,3,0.12515410081295686
85,4,0.1644782780578573
85,5,0.4881163273746406
85,6,0.09510080945399335
85,7,0.7379785191070657
85,8,0.9816774489807795
85,9,0.80571801893255
85,10,0.8594005645224679
85,11,0.8018696841300482
85,12,0.2683202226731173
85,13,0.8385557708530806
85,14,0.6150981950162288
85,15,0.062325713961114304
85,16,0.7785519442424188
85,17,0.19705161955851302
85,18,0.5563149005060987
85,19,0.28143037833772966
85,20,0.8488424928855901
86,0,0.3918125730431917
86,1,0.5263568087912838
86,2,0.15849194428143554
86,3,0.003517059923518362
86,4,0.297380187461627
86,5,0.8066255378487507
86,6,0.8070071776178099
86,7,0.29453474679711933
86,8,0.2606087234045614
86,9,0.9276805921065605
86,10,0.5473353929601756
86,11,0.1876047394090763
86,12,0.3528043461706276
86,13,0.05956273540279733
86,14,0.7928969197647082
86,15,0.988717888044285
86,16,0.5762029238561303
86,17,0.7176325686856224
86,18,0.48130924211717674
86,19,0.22761713224756952
86,20,0.15982068541336814
87,0,0.1292304447138911
87,1,0.3546796422439773
87,2,0.8097157156902262
87,3,0.6611477232806287
87,4,0.18890360400572603
87,5,0.8747582245308536
87,6,0.7838423251609997
87,7,0.18368182148392243
87,8,0.1971479911853078
87,9,0.8857001530228048
87,10,0.5659894683839366
87,11,0.9424236908051586
87,12,0.4463814808358558
87,13,0.3384974780238963
87,14,0.6095173216141678
87,15,0.5948117744737142
87,16,0.726305437145826
87,17,0.6191109045375419
87,18,0.49350685825240437
87,19,0.477801158112823
87,20,0.9916628854951234
88,0,0.9797893230639911
88,1,0.19778066954047135
88,2,0.3875466599001197
88,3,0.5846340763448871
88,4,0.6068983334981471
88,5,0.9866483240209087
88,6,0.050546064054153295
88,7,0.6854750394215406
88,8,0.5107107983985567
88,9,0.8288864481561566
88,10,0.7192466522119965
88,11,0.0005878205997127406
88,12,0.3577822133109365
88,13,0.6742797890793462
88,14,0.193866998561937
88,15,0.7943351314764634
88,16,0.49503404278610075
88,17,0.17714034794044098
88,18,0.49256888441272184
88,19,0.30640475262886513
88,20,0.2809405192641182
89,0,0.4581251061343773
89,1,0.4710053734762385
89,2,0.7511557548745338
89,3,0.6026658344469418
89,4,0.6518436356096624
89,5,0.7772850859168566
89,6,0.8230807129877717
89,7,0.49146769861421624
89,8,0.5775275286742253
89,9,0.18137787207401646
89,10,0.34701477016124405
89,11,0.145302266052996
89,12,0.5250803438267226
89,13,0.4018906542136391
89,14,0.9197816735598138
89,15,0.30754389784015046
89,16,0.6696297933407792
89,17,0.6581257325586378
89,18,0.9958492712824155
89,19,0.902132030063609
89,20,0.10761754438197713
90,0,0.9226867738253539
90,1,0.27926162745758043
90,2,0.8409493645751531
90,3,0.16664817998501702
90,4,0.6895850499087639
90,5,0.5803401215123449
90,6,0.3275950121819369
90,7,0.3945796497910148
90,8,0.6666725171703268
90,9,0.2599788644962293
90,10,0.3405959246105099
90,11,0.13999098285414235
90,12,0.987487795425408
90,13,0.8943629927561996
90,14,0.2016831649932187
90,15,0.34049433927965234
90,16,0.06612903995385366
90,17,0.6938000931780315
90,18,0.009936200981670695
90,19,0.6700240801335042
90,20,0.6287649940263501
91,0,0.987693715827268
91,1,0.4146557552886738
91,2,0.10025901486363242
91,3,0.3784287220310715
91,4,0.704388088614411
91,5,0.28168176050579496
91,6,0.33192499250602936
91,7,0.4582510134268003
91,8,0.40135938440626795
91,9,0.7071342517138135
91,10,0.9516323161583397
91,11,0.5657148047747171
91,12,0.021555349287838643
91,13,0.31789431855795913
91,14,0.6345963019380408
91,15,0.7077239785032398
91,16,0.0976728661274252
91,17,0.10518571328146409
91,18,0.41879695925938354
91,19,0.12806276059999866
91,20,0.6150782414069597
92,0,0.4369001064166893
92,1,0.5353151774177257
92,2,0.8119682270019568
92,3,0.054538362121063555
92,4,0.5235418811301373
92,5,0.4823195484958207
92,6,0.8659471365781555
92,7,0.07742337270954636
92,8,0.5223090587457347
92,9,0.21530985087470944
92,10,0.01229729152949488
92,11,0.8649262628444334
92,12,0.04816419186874088
92,13,0.2775393347319429
92,14,0.6998098932151866
92,15,0.14020319645598778
92,16,0.41988985066600026
92,17,0.35386924739847236
92,18,0.24589668861883174
92,19,0.9946529462536946
92,20,0.8876348161083795
93,0,0.9272932189310734
93,1,0.7985557965874219
93,2,0.13322089952230687
93,3,0.2772816735026057
93,4,0.039738177456862256
93,5,0.20382738538908562
93,6,0.09226276214666773
93,7,0.8641043414014405
93,8,0.45595106675541064
93,9,0.23208930161824948
93,10,0.14093651125829076
93,11,0.013090438495452106
93,12,0.6399845546260328
93,13,0.08817545190995335
93,14,0.8314585594605984
93,15,0.3794587756620541
93,16,0.1377921416648431
93,17,0.588261487724708
93,18,0.8787794380269056
93,19,0.7923210657892094
93,20,0.8940076134579483
94,0,0.08580002969459899
94,1,0.726090533111836
94,2,0.4070379641586829
94,3,0.9755125702652468
94,4,0.15566686583428668
94,5,0.026501121891520207
94,6,0.9451689777686068
94,7,0.6547813710135442
94,8,0.34874456288247113
94,9,0.09842113642659234
94,10,0.07978160324422456
94,11,0.32025720834251237
94,12,0.1550162546020657
94,13,0.4276470533724036
94,14,0.9306381596154226
94,15,0.42343878638738675
94,16,0.19011958591028466
94,17,0.4878684270225241
94,18,0.3772025130176815
94,19,0.5715531076125335
94,20,0.25747396851546844
95,0,0.09007396360682296
95,1,0.1698052832570588
95,2,0.6907004852411982
95,3,0.2745336063990901
95,4,0.8130150906329625
95,5,0.7022405764018538
95,6,0.5897107822942266
95,7,0.6878522538779176
95,8,0.12021687248986479
95,9,0.14185166502003177
95,10,0.38377849280838094
95,11,0.7011193293748047
95,12,0.47150190292567973
95,13,0.010449117568853694
95,14,0.3602770973587297
95,15,0.6519726677145612
95,16,0.11558223984522165
95,17,0.24628610008158358
95,18,0.2124022116926978
95,19,0.6737107246572704
95,20,0.33115187996279494
96,0,0.7427832593503085
96,1,0.7288340196074602
96,2,0.5926855226142842
96,3,0.25690496794933504
96,4,0.8256735955321581
96,5,0.3658978541380724
96,6,0.084045824342169
96,7,0.11426075003715985
96,8,0.1887018921843402
96,9,0.2813591922227532
96,10,0.9631517254342381
96,11,0.9480401601849548
96,12,0.14819151054009372
96,13,0.20001158131294738
96,14,0.14689300839582264
96,15,0.5671603574057892
96,16,0.39759574989525326
96,17,0.7346810486101146
96,18,0.1810945403490659
96,19,0.01576494286923613
96,20,0.37828071540434793
97,0,0.19364597396596495
97,1,0.7806358640339921
97,2,0.7067605621436895
97,3,0.43393284930492315
97,4,0.5744454104232835
97,5,0.6948630709705408
97,6,0.9260662836442421
97,7,0.40616416214656936
97,8,0.8692802619916093
97,9,0.8025965818278709
97,10,0.7481650760903187
97,11,0.18215361921547846
97,12,0.891923931897205
97,13,0.8104092239888064
97,14,0.3280293034695865
97,15,0.5414099478373714
97,16,0.16360562798389666
97,17,0.4329208927584186
97,18,0.2789853325585602
97,19,0.8580056802396409
97,20,0.5453304612814615
98,0,0.8713328040934459
98,1,0.2534907256030803
98,2,0.4629449743477112
98,3,0.37087506298040296
98,4,0.3502492720601612
98,5,0.39628358986632495
98,6,0.01587789152391994
98,7,0.45452113367909963
98,8,0.9935180254876171
98,9,0.20571195669003584
98,10,0.8400885270153945
98,11,0.9012047784431747
98,12,0.07700657919776233
98,13,0.8785409991523682
98,14,0.6970807933068687
98,15,0.5081978620764521
98,16,0.9535829075450027
98,17,0.9100273420265372
98,18,0.2720970671037207
98,19,0.05587365066713135
98,20,0.7555753465379806
99,0,0.2604130006357709
99,1,0.8790344354097167
99,2,0.04097981116287175
99,3,0.7069391837594106
99,4,0.956914884759588
99,5,0.43934830936665725
99,6,0.10481057552590978
99,7,0.034012093343520955
99,8,0.9613795506059734
99,9,0.7955495427310191
99,10,0.5936853348633243
99,11,0.18891877790495848
99,12,0.3691598984928106
99,13,0.6123963395714622
99,14,0.9744734240458937
99,15,0.43767110520280184
99,16,0.19984944762667722
99,17,0.9677689414483314
99,18,0.24715781973490814
99,19,0.8899617425426701
99,20,0.23444289245974592
100,0,0.6305074008696119
100,1,0.8742462232780635
100,2,0.46104986834164174
100,3,0.7576608693867212
100,4,0.12781993026995198
100,5,0.6479421124601484
100,6,0.6293242184710733
100,7,0.2826030895124898
100,8,0.6132971948599212
100,9,0.16839701066594315
100,10,0.16864413133443223
100,11,0.6130447691685587
100,12,0.09361825413000047
100,13,0.9582296626860246
100,14,0.004234037677382063
100,15,0.9015566574062387
100,16,0.9245245146575177
100,17,0.31323473571024607
100,18,0.37705854546153217
100,19,0.6826120610757397
100,20,0.5296257307231319
